# ustacks version 2.68; generated on 2026-06-26 14:26:44
3	CC	72.22	13
3	GG	27.78	5
4	C	42.86	3
4	G	57.14	4
5	AA	3.85	3
5	AG	50.00	39
5	CA	37.18	29
5	CG	2.56	2
6	C	73.53	25
6	T	26.47	9
10	C	46.97	31
10	G	43.94	29
12	C	27.27	9
12	T	72.73	24
18	C	77.43	319
18	G	21.84	90
20	G	52.96	206
20	T	44.99	175
46	C	55.36	31
46	T	44.64	25
56	C	50.00	4
56	T	50.00	4
98	ACG	40.00	2
98	CTA	60.00	3
138	C	55.56	5
138	T	44.44	4
167	GTC	26.42	14
167	TAA	33.96	18
167	TTC	39.62	21
172	G	40.00	2
172	T	60.00	3
222	A	26.32	5
222	T	73.68	14
250	C	76.19	32
250	T	23.81	10
358	A	40.00	2
358	G	60.00	3
360	G	50.00	9
360	T	50.00	9
363	CTG	30.77	4
363	TAT	46.15	6
363	TTG	23.08	3
402	A	66.67	8
402	G	33.33	4
430	CC	48.39	15
430	CT	25.81	8
430	TC	25.81	8
442	G	40.00	2
442	T	60.00	3
456	C	62.50	5
456	T	37.50	3
537	A	33.33	5
537	T	66.67	10
550	AAG	17.39	12
550	AAT	11.59	8
550	AGG	10.14	7
550	GAG	17.39	12
550	GGG	30.43	21
550	GGT	13.04	9
583	AC	36.67	11
583	GC	23.33	7
583	GG	40.00	12
604	C	50.00	4
604	G	50.00	4
638	A	60.00	3
638	G	40.00	2
654	A	62.50	5
654	C	37.50	3
687	A	63.64	7
687	C	36.36	4
707	AC	10.53	2
707	AT	21.05	4
707	GC	21.05	4
707	GT	36.84	7
716	C	61.54	8
716	G	38.46	5
735	C	60.00	3
735	T	40.00	2
759	CAG	56.25	9
759	TAG	18.75	3
759	TCA	25.00	4
874	AC	51.72	15
874	CT	48.28	14
897	C	50.00	3
897	T	50.00	3
901	C	27.27	3
901	T	72.73	8
932	CA	38.46	5
932	CG	30.77	4
932	TG	30.77	4
952	C	60.00	3
952	T	40.00	2
961	C	60.00	3
961	T	40.00	2
980	G	42.86	3
980	T	57.14	4
996	G	60.00	3
996	T	40.00	2
1002	C	33.33	4
1002	G	66.67	8
1070	C	54.55	6
1070	G	45.45	5
1086	G	60.00	3
1086	T	40.00	2
1110	G	30.00	6
1110	T	65.00	13
1132	CG	40.00	2
1132	GC	60.00	3
1231	AG	50.00	4
1231	CC	50.00	4
1235	C	37.50	3
1235	G	62.50	5
1273	C	62.50	5
1273	G	37.50	3
1309	A	60.00	3
1309	G	40.00	2
1319	A	36.11	13
1319	G	61.11	22
1485	A	40.00	2
1485	G	60.00	3
1632	A	37.50	3
1632	C	62.50	5
1639	A	40.00	2
1639	G	60.00	3
1702	AAT	40.00	2
1702	GGA	60.00	3
1709	AGC	60.00	3
1709	CAT	40.00	2
1718	A	60.00	3
1718	G	40.00	2
1751	A	40.00	2
1751	T	60.00	3
1758	A	67.50	27
1758	C	32.50	13
1763	A	50.00	3
1763	C	50.00	3
1776	AG	42.86	3
1776	AT	14.29	1
1776	GT	42.86	3
1778	C	61.11	11
1778	T	38.89	7
1790	GA	28.57	12
1790	GT	40.48	17
1790	TA	21.43	9
1790	TT	4.76	2
1940	A	57.14	4
1940	G	42.86	3
1986	G	62.50	5
1986	T	37.50	3
2065	CC	33.33	4
2065	CG	33.33	4
2065	GG	33.33	4
2139	A	60.00	3
2139	G	40.00	2
2143	CG	68.18	15
2143	GA	31.82	7
2197	A	60.00	3
2197	T	40.00	2
2361	C	50.00	3
2361	G	50.00	3
2451	C	50.00	3
2451	T	50.00	3
2537	A	33.33	3
2537	C	66.67	6
2588	AT	71.43	10
2588	GC	28.57	4
2627	C	60.00	3
2627	G	40.00	2
2640	A	60.00	3
2640	C	40.00	2
2669	G	70.00	7
2669	T	30.00	3
2751	C	50.00	4
2751	T	50.00	4
2767	GC	40.00	2
2767	TT	60.00	3
2798	G	40.48	17
2798	T	50.00	21
2950	AT	57.14	4
2950	CC	42.86	3
2986	AGT	37.50	3
2986	ATT	25.00	2
2986	GTA	37.50	3
3110	CGT	40.00	2
3110	GAA	60.00	3
3158	A	60.00	3
3158	G	40.00	2
3236	C	50.00	3
3236	G	50.00	3
3263	CTC	23.08	3
3263	TAT	38.46	5
3263	TTC	30.77	4
3297	A	60.00	3
3297	G	40.00	2
3306	C	60.00	3
3306	G	40.00	2
3369	C	50.00	3
3369	G	50.00	3
3377	GAA	28.57	4
3377	TTC	71.43	10
3572	A	60.00	3
3572	G	40.00	2
3667	C	60.00	3
3667	G	40.00	2
3740	A	40.00	4
3740	C	60.00	6
3804	AT	40.00	2
3804	GA	60.00	3
3820	C	50.00	3
3820	G	50.00	3
3865	C	60.00	3
3865	T	40.00	2
3969	A	60.00	3
3969	T	40.00	2
4008	A	40.00	2
4008	G	60.00	3
# ustacks completed on 2026-06-26 14:26:44
