# cstacks version 2.68; catalog generated on 2026-06-26 14:29:44
1	CGG	0	0
1	CTG	0	0
1	TGC	0	0
1	TTC	0	0
2	AAAC	0	0
2	AANC	0	0
2	AGNC	0	0
2	CAAC	0	0
2	CACC	0	0
2	CGAC	0	0
2	CGCA	0	0
2	CGCC	0	0
2	CGCN	0	0
2	TGAA	0	0
2	TGCN	0	0
3	GAGAGGGCATN	0	0
3	GAGAGGGCGTN	0	0
3	GAGAGGGCTTN	0	0
3	GGAAGGGCATN	0	0
3	GGAAGTGCATN	0	0
3	GGAAGTGCNNT	0	0
3	GGAAGTGCNTT	0	0
3	GGGAGGAAANT	0	0
3	GGGAGGACACN	0	0
3	GGGAGGACANT	0	0
3	GGGAGGACATC	0	0
3	GGGAGGACATN	0	0
3	GGGAGGACATT	0	0
3	GGGAGGGCATC	0	0
3	GGGAGGGCATN	0	0
3	GGGAGGGCGTN	0	0
3	GGGAGGGCNTC	0	0
3	GGGAGGGGATC	0	0
3	GGGGGGGCATN	0	0
3	GGGGTGGCATN	0	0
3	GGGGTGGCNNT	0	0
3	TAGAGGGCATN	0	0
4	AAGGTGAGCTTTTNGTGCGCANN	0	0
4	AGGATGAGCGCTGGGTGTGNNTT	0	0
4	AGGCTGAGCGCTGGGTGCGCTAT	0	0
4	AGGCTGAGCGCTGGGTGCGNNNN	0	0
4	AGGCTGAGCGCTGGGTGCGNNNT	0	0
4	AGGCTGAGCGCTGGGTGCGTTAT	0	0
4	AGGCTGAGCGCTGGGTGTGNNNN	0	0
4	AGGCTGAGCGCTGGGTGTGNNNT	0	0
4	AGGCTGAGCGCTGGGTGTGNNTT	0	0
4	AGGCTGAGCGCTGGGTNCGGTTT	0	0
4	AGGCTGAGCGCTGGGTNCGNGTT	0	0
4	AGGCTGAGCGCTGGGTTCGCTAT	0	0
4	AGGCTGAGCGCTGGGTTCGNTTT	0	0
4	AGGCTGAGCGCTGGGTTCGTTAT	0	0
4	AGGCTGAGCGCTGNGTGCNNNNN	0	0
4	AGGCTGAGCGCTGNGTGTNNNNN	0	0
4	AGGCTGAGCTTGCNGTGGGCNNN	0	0
4	AGGCTGAGCTTGCNGTGGGTNNN	0	0
4	AGGGCAAACTTGCNGTGCGCTNN	0	0
4	AGGGCCAACTTGCNGTGCGCTNN	0	0
4	AGGGCGAACTTGCNGTGCGCTNN	0	0
4	AGGGTAAACTTGCNGTGCGCTNN	0	0
4	AGGGTGAACGCTGGCTGTGNNCT	0	0
4	AGGGTGAACTTGCNGTGCGCTNN	0	0
4	AGGGTGAACTTGCNGTGTGCTNN	0	0
4	AGGGTGAATGCTGGCTGNGNNCT	0	0
4	AGGGTGAATGTTGGCTGNGNNCT	0	0
4	AGGGTGACCTTGNCGAGCCCNNN	0	0
4	AGGGTGAGAGCTGGGTCCGCTAT	0	0
4	AGGGTGAGAGCTNGGTNCGCNNT	0	0
4	AGGGTGAGAGCTTGCTGNGNNCT	0	0
4	AGGGTGAGAGCTTGCTGNNNNCT	0	0
4	AGGGTGAGAGCTTGCTGTGNNCT	0	0
4	AGGGTGAGCGCCNGCTNCGCANN	0	0
4	AGGGTGAGCGCCNGGTNCGCANN	0	0
4	AGGGTGAGCGCTCGGTTCGNTAT	0	0
4	AGGGTGAGCGCTGGCTGCGNTAT	0	0
4	AGGGTGAGCGCTGGCTGTGNNCC	0	0
4	AGGGTGAGCGCTGGCTGTGNNCT	0	0
4	AGGGTGAGCGCTGGCTGTGNNNT	0	0
4	AGGGTGAGCGCTGGCTGTGNNTT	0	0
4	AGGGTGAGCGCTGGGCNCGCTNT	0	0
4	AGGGTGAGCGCTGGGTCCGCTAT	0	0
4	AGGGTGAGCGCTGGGTGCGCTAT	0	0
4	AGGGTGAGCGCTGGGTGCGNNNN	0	0
4	AGGGTGAGCGCTGGGTGCGNNNT	0	0
4	AGGGTGAGCGCTGGGTGCGTTAT	0	0
4	AGGGTGAGCGCTGGGTGTGNNNN	0	0
4	AGGGTGAGCGCTGGGTGTGNNNT	0	0
4	AGGGTGAGCGCTGGGTGTGNNTT	0	0
4	AGGGTGAGCGCTGGGTNCGNGTT	0	0
4	AGGGTGAGCGCTGGGTTCGCTAT	0	0
4	AGGGTGAGCGCTGGGTTCGNTAT	0	0
4	AGGGTGAGCGCTGGGTTCGNTTT	0	0
4	AGGGTGAGCGCTGGGTTCGTTAT	0	0
4	AGGGTGAGCGCTGNCTGCNNNNN	0	0
4	AGGGTGAGCGCTGNCTGNNNNCA	0	0
4	AGGGTGAGCGCTGNCTGNNNNCT	0	0
4	AGGGTGAGCGCTGNGTGTNNNNN	0	0
4	AGGGTGAGCGCTNGGTNCGCANN	0	0
4	AGGGTGAGCGCTNGGTNCGCNNT	0	0
4	AGGGTGAGCGCTNGNTTCGCTNT	0	0
4	AGGGTGAGCGCTTGCTGNGNNCT	0	0
4	AGGGTGAGCGCTTGCTGTGNNCT	0	0
4	AGGGTGAGCGCTTGCTGTGNNTT	0	0
4	AGGGTGAGCTCCNGGTNCGCANN	0	0
4	AGGGTGAGCTCTGGGTTCGNTAT	0	0
4	AGGGTGAGCTCTGGGTTCGNTTT	0	0
4	AGGGTGAGCTCTNGGTNCGCANN	0	0
4	AGGGTGAGCTTGCCCTGCGCANN	0	0
4	AGGGTGAGCTTGCCGTGCGCANN	0	0
4	AGGGTGAGCTTGCNCTGCGCANN	0	0
4	AGGGTGAGCTTGCNGTGCGCANN	0	0
4	AGGGTGAGCTTGCNGTGCGCTNN	0	0
4	AGGGTGAGCTTGCNGTGGGCNNN	0	0
4	AGGGTGAGCTTGCNGTGGGTNNN	0	0
4	AGGGTGAGCTTGCTGTGCGCANN	0	0
4	AGGGTGAGCTTGNCGTGCCCNNN	0	0
4	AGGGTGAGCTTTCCGTGCGCANN	0	0
4	AGGGTGAGCTTTCNGTGCGCANN	0	0
4	AGGGTGAGCTTTCTGTGCGCANN	0	0
4	AGGGTGAGCTTTTNGTGCGCANN	0	0
4	AGGGTGAGCTTTTNGTGCGCTNN	0	0
4	AGGGTGGACGCTGGCTGTGNNCT	0	0
4	AGGGTGGGCGCTGGCTGTGNNCT	0	0
4	CGCGTGAGCGCTGGCTGCGNNNT	0	0
4	CGCGTGAGCGCTGNCTGCNNNNN	0	0
4	CGCGTGAGCGCTTNCTGCNNNNN	0	0
4	CGGGTGAGCGCTGGCTGCGNNNT	0	0
4	CGGGTGAGCGCTGNCTGCNNNNN	0	0
4	CGGGTGAGCGCTTNCTGCNNNNN	0	0
6	ATCCGCCTGNN	0	0
6	ATCCTCCTGNN	0	0
6	CACCGGCTGCN	0	0
6	CACCGTCCGCA	0	0
6	CACCGTCTGCA	0	0
6	CACCGTCTGCG	0	0
6	CACCGTCTGCN	0	0
6	CACCNNNNTCA	0	0
6	CACCNNNTACN	0	0
6	CCCCGGCTGCN	0	0
6	CTCCACCTGCN	0	0
6	CTCCACCTGTN	0	0
6	CTCCGCCTGNN	0	0
6	CTCCTCCTGCN	0	0
6	CTCCTCCTGNN	0	0
6	CTCCTCCTGTN	0	0
6	CTCTACCAGNN	0	0
6	CTCTACCTGCN	0	0
6	CTCTACCTGTN	0	0
6	CTCTGCCTGNN	0	0
6	CTCTTCCTGCN	0	0
6	CTCTTCCTGNN	0	0
6	CTCTTCCTGTN	0	0
6	CTCTTCTTGNN	0	0
6	CTGTTCCTGNN	0	0
6	GTCTACCAGNN	0	0
7	C	0	0
7	T	0	0
8	CCAC	0	0
8	CNNA	0	0
8	GAAC	0	0
8	GACC	0	0
8	GCAC	0	0
8	GCCC	0	0
8	GNNA	0	0
9	AAAG	0	0
9	AAAN	0	0
9	AAGG	0	0
9	AAGN	0	0
9	ACAG	0	0
9	ACAN	0	0
9	ACGG	0	0
9	ACGN	0	0
9	CAAG	0	0
9	CAGA	0	0
9	CAGG	0	0
9	CCGA	0	0
10	GC	0	0
10	GG	0	0
10	GT	0	0
10	TC	0	0
10	TT	0	0
11	C	0	0
11	G	0	0
31	A	0	0
31	T	0	0
45	A	0	0
45	T	0	0
49	A	0	0
49	G	0	0
51	A	0	0
51	G	0	0
82	A	0	0
82	C	0	0
87	A	0	0
87	T	0	0
91	C	0	0
91	G	0	0
96	A	0	0
96	G	0	0
117	G	0	0
117	T	0	0
118	A	0	0
118	C	0	0
144	C	0	0
144	T	0	0
161	A	0	0
161	G	0	0
162	A	0	0
162	G	0	0
180	A	0	0
180	C	0	0
182	A	0	0
182	C	0	0
197	G	0	0
197	T	0	0
198	A	0	0
198	G	0	0
199	AA	0	0
199	AC	0	0
199	GA	0	0
199	GC	0	0
208	C	0	0
208	T	0	0
213	CG	0	0
213	GA	0	0
218	C	0	0
218	T	0	0
222	CGAGCAG	0	0
222	TCAACAG	0	0
222	TCAACCG	0	0
222	TCAGCAC	0	0
222	TCAGCAG	0	0
222	TCCACCG	0	0
222	TCCAGCG	0	0
222	TTAACAG	0	0
222	TTCACCG	0	0
237	C	0	0
237	G	0	0
241	G	0	0
241	T	0	0
266	G	0	0
266	T	0	0
279	AG	0	0
279	GC	0	0
279	GG	0	0
294	C	0	0
294	T	0	0
302	A	0	0
302	G	0	0
308	C	0	0
308	T	0	0
312	A	0	0
312	T	0	0
342	C	0	0
342	G	0	0
345	A	0	0
345	C	0	0
359	A	0	0
359	G	0	0
368	A	0	0
368	C	0	0
378	AA	0	0
378	AG	0	0
378	CG	0	0
403	C	0	0
403	G	0	0
404	A	0	0
404	G	0	0
408	C	0	0
408	G	0	0
450	G	0	0
450	T	0	0
456	A	0	0
456	G	0	0
457	G	0	0
457	T	0	0
458	A	0	0
458	T	0	0
465	C	0	0
465	T	0	0
467	G	0	0
467	T	0	0
470	A	0	0
470	G	0	0
480	C	0	0
480	T	0	0
487	C	0	0
487	T	0	0
495	A	0	0
495	G	0	0
499	A	0	0
499	G	0	0
507	A	0	0
507	G	0	0
508	C	0	0
508	G	0	0
526	CCTCCCA	0	0
526	CCTCCCC	0	0
526	CCTCCTA	0	0
526	CCTTCCA	0	0
526	CCTTCTA	0	0
526	CTTTCCA	0	0
526	CTTTCTA	0	0
526	TTATTCA	0	0
526	TTTTCCA	0	0
526	TTTTCTA	0	0
535	A	0	0
535	G	0	0
542	C	0	0
542	G	0	0
549	C	0	0
549	G	0	0
556	A	0	0
556	G	0	0
563	A	0	0
563	T	0	0
571	CG	0	0
571	GC	0	0
571	GG	0	0
585	A	0	0
585	T	0	0
587	AT	0	0
587	CA	0	0
587	CT	0	0
611	A	0	0
611	C	0	0
619	A	0	0
619	G	0	0
622	CCA	0	0
622	CCG	0	0
622	CTA	0	0
622	CTG	0	0
622	TCA	0	0
622	TCG	0	0
622	TTG	0	0
624	A	0	0
624	G	0	0
644	G	0	0
644	T	0	0
646	G	0	0
646	T	0	0
647	C	0	0
647	G	0	0
654	A	0	0
654	G	0	0
668	A	0	0
668	C	0	0
672	A	0	0
672	G	0	0
690	C	0	0
690	T	0	0
721	AAG	0	0
721	AAT	0	0
721	TAG	0	0
721	TGG	0	0
743	A	0	0
743	G	0	0
748	C	0	0
748	G	0	0
749	G	0	0
749	T	0	0
754	C	0	0
754	G	0	0
758	C	0	0
758	T	0	0
767	C	0	0
767	T	0	0
779	C	0	0
779	T	0	0
782	A	0	0
782	G	0	0
795	CCC	0	0
795	CCT	0	0
795	CTC	0	0
795	GCC	0	0
795	GTC	0	0
804	C	0	0
804	T	0	0
806	CGT	0	0
806	CTG	0	0
806	CTT	0	0
806	GGT	0	0
807	A	0	0
807	C	0	0
808	A	0	0
808	G	0	0
809	A	0	0
809	C	0	0
813	CACC	0	0
813	CAGA	0	0
813	CAGC	0	0
813	CGCC	0	0
813	CGGA	0	0
813	CGGC	0	0
813	TGGA	0	0
813	TGGC	0	0
837	A	0	0
837	G	0	0
842	G	0	0
842	T	0	0
851	A	0	0
851	G	0	0
874	A	0	0
874	G	0	0
881	A	0	0
881	C	0	0
889	C	0	0
889	T	0	0
891	C	0	0
891	G	0	0
893	C	0	0
893	T	0	0
898	GAGGGA	0	0
898	GAGTAA	0	0
898	GAGTCA	0	0
898	GAGTGA	0	0
898	GAGTNG	0	0
898	GAGTTG	0	0
898	GANTAA	0	0
898	GATTCA	0	0
898	GATTGA	0	0
898	GNATGA	0	0
898	GTGTGA	0	0
898	TAGTNG	0	0
899	C	0	0
899	G	0	0
902	A	0	0
902	G	0	0
909	C	0	0
909	T	0	0
910	C	0	0
910	G	0	0
934	AA	0	0
934	AC	0	0
934	GC	0	0
937	A	0	0
937	G	0	0
948	C	0	0
948	T	0	0
954	CC	0	0
954	CT	0	0
954	TC	0	0
964	A	0	0
964	G	0	0
976	A	0	0
976	C	0	0
979	CAA	0	0
979	CAG	0	0
979	CGA	0	0
979	TAA	0	0
986	A	0	0
986	C	0	0
991	C	0	0
991	G	0	0
997	G	0	0
997	T	0	0
999	AC	0	0
999	AG	0	0
999	CC	0	0
999	CG	0	0
1009	CT	0	0
1009	TA	0	0
1010	C	0	0
1010	T	0	0
1020	A	0	0
1020	C	0	0
1034	CGT	0	0
1034	CTA	0	0
1034	CTT	0	0
1034	TGT	0	0
1039	A	0	0
1039	C	0	0
1062	AA	0	0
1062	AG	0	0
1062	AT	0	0
1062	TG	0	0
1062	TT	0	0
1065	A	0	0
1065	G	0	0
1069	CT	0	0
1069	GG	0	0
1072	A	0	0
1072	G	0	0
1074	A	0	0
1074	G	0	0
1083	A	0	0
1083	G	0	0
1084	ATN	0	0
1084	GCA	0	0
1084	GCT	0	0
1084	GTN	0	0
1090	A	0	0
1090	G	0	0
1095	C	0	0
1095	T	0	0
1096	AA	0	0
1096	CT	0	0
1102	A	0	0
1102	C	0	0
1116	AAA	0	0
1116	ATA	0	0
1116	ATC	0	0
1116	ATT	0	0
1116	CTA	0	0
1123	A	0	0
1123	G	0	0
1124	CAC	0	0
1124	CAT	0	0
1124	CGC	0	0
1124	TGC	0	0
1129	A	0	0
1129	G	0	0
1135	A	0	0
1135	G	0	0
1142	GG	0	0
1142	GT	0	0
1142	TT	0	0
1147	A	0	0
1147	C	0	0
1149	GA	0	0
1149	GC	0	0
1149	TA	0	0
1151	A	0	0
1151	G	0	0
1156	C	0	0
1156	T	0	0
1157	ACC	0	0
1157	AGG	0	0
1157	CCC	0	0
1174	GC	0	0
1174	GG	0	0
1174	GT	0	0
1174	TC	0	0
1175	A	0	0
1175	C	0	0
1178	AAA	0	0
1178	AAC	0	0
1178	GCC	0	0
1180	C	0	0
1180	T	0	0
1187	A	0	0
1187	C	0	0
1187	G	0	0
1224	A	0	0
1224	G	0	0
1228	A	0	0
1228	T	0	0
1230	CG	0	0
1230	NA	0	0
1230	NG	0	0
1230	TG	0	0
1231	C	0	0
1231	T	0	0
1239	GT	0	0
1239	TG	0	0
1239	TT	0	0
1246	C	0	0
1246	G	0	0
1248	C	0	0
1248	G	0	0
1251	CA	0	0
1251	TA	0	0
1251	TT	0	0
1271	AAG	0	0
1271	ACC	0	0
1271	ACG	0	0
1271	TAG	0	0
1274	C	0	0
1274	T	0	0
1283	C	0	0
1283	T	0	0
1292	ACC	0	0
1292	GGC	0	0
1292	GGT	0	0
1309	A	0	0
1309	C	0	0
1329	A	0	0
1329	G	0	0
1334	C	0	0
1334	G	0	0
1335	CG	0	0
1335	TT	0	0
1339	C	0	0
1339	T	0	0
1340	AC	0	0
1340	GC	0	0
1340	GT	0	0
1348	CC	0	0
1348	TA	0	0
1348	TC	0	0
1351	A	0	0
1351	C	0	0
1353	AC	0	0
1353	AT	0	0
1353	GC	0	0
1353	GT	0	0
1369	A	0	0
1369	T	0	0
1381	AA	0	0
1381	AC	0	0
1381	CC	0	0
1382	AACA	0	0
1382	ATAT	0	0
1382	CACA	0	0
1382	NACA	0	0
1383	G	0	0
1383	T	0	0
1388	CAGC	0	0
1388	CAGG	0	0
1388	CCAG	0	0
1388	TAGC	0	0
1389	A	0	0
1389	C	0	0
1391	AC	0	0
1391	AT	0	0
1391	CC	0	0
1402	A	0	0
1402	G	0	0
1409	C	0	0
1409	T	0	0
1416	A	0	0
1416	G	0	0
1422	C	0	0
1422	T	0	0
1423	A	0	0
1423	C	0	0
1425	A	0	0
1425	G	0	0
1461	A	0	0
1461	C	0	0
1463	CC	0	0
1463	CG	0	0
1463	TC	0	0
1463	TG	0	0
1477	CTG	0	0
1477	TAG	0	0
1477	TAT	0	0
1477	TTG	0	0
1477	TTT	0	0
1483	A	0	0
1483	G	0	0
1498	C	0	0
1498	T	0	0
1507	C	0	0
1507	G	0	0
1516	C	0	0
1516	G	0	0
1517	G	0	0
1517	T	0	0
1520	CT	0	0
1520	GC	0	0
1529	C	0	0
1529	T	0	0
1533	G	0	0
1533	T	0	0
1534	ATAA	0	0
1534	ATAT	0	0
1534	TAGT	0	0
1534	TTGA	0	0
1534	TTGT	0	0
1535	C	0	0
1535	G	0	0
1541	A	0	0
1541	G	0	0
1543	C	0	0
1543	T	0	0
1545	AACA	0	0
1545	TTGG	0	0
1548	A	0	0
1548	G	0	0
1553	A	0	0
1553	G	0	0
1561	A	0	0
1561	T	0	0
1569	A	0	0
1569	G	0	0
1603	A	0	0
1603	G	0	0
1616	C	0	0
1616	T	0	0
1623	A	0	0
1623	G	0	0
1632	A	0	0
1632	C	0	0
1638	C	0	0
1638	G	0	0
1654	C	0	0
1654	T	0	0
1658	CCA	0	0
1658	CCN	0	0
1658	CTA	0	0
1658	CTC	0	0
1658	GTA	0	0
1664	AATA	0	0
1664	TACA	0	0
1664	TGCA	0	0
1664	TGCG	0	0
1672	AAT	0	0
1672	AGT	0	0
1672	TAT	0	0
1672	TGC	0	0
1672	TGT	0	0
1676	A	0	0
1676	C	0	0
1689	CT	0	0
1689	TC	0	0
1692	A	0	0
1692	G	0	0
1714	A	0	0
1714	C	0	0
1719	C	0	0
1719	G	0	0
1722	A	0	0
1722	T	0	0
1740	CC	0	0
1740	TC	0	0
1740	TG	0	0
1742	C	0	0
1742	T	0	0
1749	C	0	0
1749	G	0	0
1753	A	0	0
1753	G	0	0
1776	G	0	0
1776	T	0	0
1781	C	0	0
1781	G	0	0
1783	ACC	0	0
1783	TCC	0	0
1783	TTC	0	0
1783	TTG	0	0
1810	A	0	0
1810	G	0	0
1827	CGC	0	0
1827	CGT	0	0
1827	GAC	0	0
1834	A	0	0
1834	G	0	0
1841	ATT	0	0
1841	GAT	0	0
1841	GTC	0	0
1841	GTT	0	0
1843	A	0	0
1843	C	0	0
1844	G	0	0
1844	T	0	0
1849	A	0	0
1849	G	0	0
1864	A	0	0
1864	T	0	0
1866	C	0	0
1866	T	0	0
1875	AATAAGAACCTN	0	0
1875	AATCAGACCNNT	0	0
1875	AATCAGACCTNN	0	0
1875	ACCCCGACCCAN	0	0
1875	ACCCGGACCCNN	0	0
1875	ACTCGGACCCNN	0	0
1875	ATCAAGAACCTN	0	0
1875	ATCAAGGACCTN	0	0
1875	ATCCAGACCGCA	0	0
1875	ATCCAGACCGNT	0	0
1875	ATCCAGACCNNT	0	0
1875	ATCCAGACCTNN	0	0
1875	ATCCANACCNNT	0	0
1875	ATCCCAACCCAN	0	0
1875	ATCCCGACCCAN	0	0
1875	ATCCGGAACCCA	0	0
1875	ATCCGGAACCCN	0	0
1875	ATCCGGAACCTA	0	0
1875	ATCCGGAACGCA	0	0
1875	ATCCGGAACGCC	0	0
1875	ATCCGGAACGCT	0	0
1875	ATCCGGACCCNN	0	0
1875	ATCCGGACCGCA	0	0
1875	ATCCGGACCGNT	0	0
1875	ATCCGGACCGTA	0	0
1875	ATCCGGACCNNT	0	0
1875	ATCCGGACCTNN	0	0
1875	ATCCGNNAACCT	0	0
1875	ATCCGNNACCCN	0	0
1875	ATTCGGACCCNN	0	0
1875	ATTCGGACCTNN	0	0
1875	ATTTGGACCTNN	0	0
1875	TTCCAGNCCNCA	0	0
1876	A	0	0
1876	T	0	0
1881	AGC	0	0
1881	AGT	0	0
1881	ATT	0	0
1881	GTT	0	0
1899	C	0	0
1899	T	0	0
1926	A	0	0
1926	C	0	0
1939	G	0	0
1939	T	0	0
1943	C	0	0
1943	G	0	0
1971	C	0	0
1971	T	0	0
1977	A	0	0
1977	T	0	0
1983	A	0	0
1983	G	0	0
1986	CG	0	0
1986	TA	0	0
2027	AATGGGT	0	0
2027	AATGTGT	0	0
2027	CAAGTGT	0	0
2027	CATGTAT	0	0
2027	CATGTGC	0	0
2027	CATGTGT	0	0
2027	CATTTAC	0	0
2027	CATTTGT	0	0
2027	CTTGTGT	0	0
2043	C	0	0
2043	T	0	0
2053	G	0	0
2053	T	0	0
2079	A	0	0
2079	C	0	0
2092	AG	0	0
2092	GT	0	0
2106	GC	0	0
2106	GG	0	0
2106	TG	0	0
2110	CG	0	0
2110	GA	0	0
2110	GC	0	0
2110	GG	0	0
2113	A	0	0
2113	C	0	0
2131	G	0	0
2131	T	0	0
2143	A	0	0
2143	G	0	0
2151	CC	0	0
2151	CT	0	0
2151	TT	0	0
2169	A	0	0
2169	T	0	0
2184	C	0	0
2184	T	0	0
2206	A	0	0
2206	C	0	0
2208	C	0	0
2208	G	0	0
2217	C	0	0
2217	T	0	0
2222	A	0	0
2222	C	0	0
2224	C	0	0
2224	T	0	0
2243	AACCT	0	0
2243	AACTT	0	0
2243	AATCG	0	0
2243	AATCT	0	0
2243	AATNT	0	0
2243	AGTNT	0	0
2243	CACCT	0	0
2243	CACTT	0	0
2243	CATNT	0	0
2257	C	0	0
2257	G	0	0
2259	CAAAGGGGGANNNA	0	0
2259	CGGAGGGGGANNNA	0	0
2259	TAAAGGGGGANNNA	0	0
2259	TAAAGGGGGANNNG	0	0
2259	TAAAGGGNNNNCGA	0	0
2259	TAAAGGGTGANNNA	0	0
2259	TAAAGGTAAGTGGA	0	0
2259	TAAAGGTGAGGGNN	0	0
2259	TAAAGGTGAGTGAA	0	0
2259	TAAAGGTGAGTGGA	0	0
2259	TAAAGGTNAGTGNA	0	0
2259	TAAAGGTNGATGNA	0	0
2259	TAAAGGTNNGTGGA	0	0
2259	TAAAGGTNNNNCGA	0	0
2259	TAAAGGTNNNTGGG	0	0
2259	TAAANGTCAGTGGA	0	0
2259	TAAANGTCTGTGGA	0	0
2259	TAAATGTGAGGGNN	0	0
2259	TAAATGTGAGTGNN	0	0
2259	TAAATGTNNNTGGG	0	0
2259	TAACAGTGAGTGAA	0	0
2259	TAACGGTGAGTGNA	0	0
2259	TAACGGTTAGTGNA	0	0
2259	TAACTGTGAGTGAA	0	0
2259	TAGAGGGGGANNNA	0	0
2274	A	0	0
2274	G	0	0
2276	AG	0	0
2276	AT	0	0
2276	CG	0	0
2283	A	0	0
2283	G	0	0
2293	AC	0	0
2293	CA	0	0
2293	CC	0	0
2299	ATG	0	0
2299	CGA	0	0
2309	C	0	0
2309	T	0	0
2322	A	0	0
2322	G	0	0
2349	AT	0	0
2349	GC	0	0
2353	ACT	0	0
2353	ATC	0	0
2353	ATT	0	0
2353	GTC	0	0
2354	A	0	0
2354	T	0	0
2398	C	0	0
2398	T	0	0
2410	CC	0	0
2410	GC	0	0
2410	GT	0	0
2430	A	0	0
2430	G	0	0
2437	A	0	0
2437	G	0	0
2447	A	0	0
2447	G	0	0
2453	G	0	0
2453	T	0	0
2457	A	0	0
2457	G	0	0
2476	A	0	0
2476	G	0	0
2486	AAA	0	0
2486	AAT	0	0
2486	GGA	0	0
2490	C	0	0
2490	T	0	0
2492	C	0	0
2492	G	0	0
2508	A	0	0
2508	G	0	0
2523	A	0	0
2523	G	0	0
2523	N	0	0
2536	C	0	0
2536	T	0	0
2553	A	0	0
2553	G	0	0
2581	C	0	0
2581	T	0	0
2603	C	0	0
2603	G	0	0
2617	AATGGGTG	0	0
2617	GACGGGCG	0	0
2617	GATCAGTG	0	0
2617	GATGAGTG	0	0
2617	GATGGATG	0	0
2617	GATGGGTA	0	0
2617	GATGGGTG	0	0
2617	GTTGGGTG	0	0
2640	C	0	0
2640	T	0	0
2653	ACGGG	0	0
2653	ACGGT	0	0
2653	AGAGG	0	0
2653	TCAGG	0	0
2653	TCGGG	0	0
2653	TCGTG	0	0
2653	TGAGG	0	0
2665	GGG	0	0
2665	GTG	0	0
2665	GTT	0	0
2665	TTT	0	0
2676	AG	0	0
2676	CC	0	0
2683	A	0	0
2683	G	0	0
2684	A	0	0
2684	C	0	0
2689	AT	0	0
2689	GC	0	0
2696	CATG	0	0
2696	TGGC	0	0
2698	GATG	0	0
2698	TGAA	0	0
2708	G	0	0
2708	T	0	0
2710	A	0	0
2710	G	0	0
2713	C	0	0
2713	G	0	0
2714	C	0	0
2714	T	0	0
2718	G	0	0
2718	T	0	0
2730	A	0	0
2730	G	0	0
2743	C	0	0
2743	T	0	0
2745	G	0	0
2745	T	0	0
2757	A	0	0
2757	G	0	0
2762	CACC	0	0
2762	CGCC	0	0
2762	CGTC	0	0
2762	GACC	0	0
2762	TACC	0	0
2762	TACT	0	0
2762	TGCC	0	0
2770	G	0	0
2770	T	0	0
2777	C	0	0
2777	G	0	0
2795	AC	0	0
2795	AT	0	0
2795	CC	0	0
2795	CT	0	0
2808	CAGG	0	0
2808	CGAG	0	0
2808	CGGG	0	0
2808	TGAA	0	0
2813	CAA	0	0
2813	CTG	0	0
2813	GAA	0	0
2822	G	0	0
2822	T	0	0
2827	G	0	0
2827	T	0	0
2841	A	0	0
2841	G	0	0
2860	A	0	0
2860	C	0	0
2861	C	0	0
2861	T	0	0
2871	G	0	0
2871	T	0	0
2873	A	0	0
2873	G	0	0
2878	AC	0	0
2878	GA	0	0
2878	GC	0	0
2896	A	0	0
2896	G	0	0
2898	AAA	0	0
2898	GGG	0	0
2911	C	0	0
2911	G	0	0
2916	C	0	0
2916	T	0	0
2931	A	0	0
2931	G	0	0
2934	C	0	0
2934	G	0	0
2948	GCA	0	0
2948	GCT	0	0
2948	GTT	0	0
2948	TCA	0	0
2948	TCT	0	0
2969	A	0	0
2969	C	0	0
2991	C	0	0
2991	T	0	0
3005	A	0	0
3005	G	0	0
3006	A	0	0
3006	G	0	0
3028	A	0	0
3028	G	0	0
3030	A	0	0
3030	C	0	0
3039	A	0	0
3039	G	0	0
3041	GA	0	0
3041	GT	0	0
3041	TT	0	0
3053	C	0	0
3053	T	0	0
3057	C	0	0
3057	T	0	0
3063	C	0	0
3063	T	0	0
3071	A	0	0
3071	G	0	0
3073	A	0	0
3073	G	0	0
3082	CA	0	0
3082	GT	0	0
3091	C	0	0
3091	G	0	0
3098	AT	0	0
3098	CC	0	0
3105	A	0	0
3105	G	0	0
3113	G	0	0
3113	T	0	0
3114	A	0	0
3114	C	0	0
3119	A	0	0
3119	G	0	0
3119	N	0	0
3129	C	0	0
3129	T	0	0
3137	C	0	0
3137	T	0	0
3139	A	0	0
3139	G	0	0
3146	A	0	0
3146	C	0	0
3166	AAA	0	0
3166	AGA	0	0
3166	GAA	0	0
3166	GGT	0	0
3167	A	0	0
3167	T	0	0
3171	C	0	0
3171	T	0	0
3197	C	0	0
3197	G	0	0
3198	A	0	0
3198	C	0	0
3208	AGAA	0	0
3208	AGAC	0	0
3208	GGAA	0	0
3208	GTGC	0	0
3212	C	0	0
3212	T	0	0
3218	A	0	0
3218	C	0	0
3224	AG	0	0
3224	AT	0	0
3224	GG	0	0
3231	C	0	0
3231	T	0	0
3283	A	0	0
3283	G	0	0
3284	A	0	0
3284	T	0	0
3286	A	0	0
3286	G	0	0
3298	C	0	0
3298	T	0	0
3355	AAACA	0	0
3355	AAACC	0	0
3355	AGACC	0	0
3355	AGGCC	0	0
3355	AGGGC	0	0
3355	GAACC	0	0
3355	GGACC	0	0
3355	GGGCC	0	0
3355	GGGGC	0	0
3378	A	0	0
3378	G	0	0
3382	A	0	0
3382	G	0	0
3385	C	0	0
3385	G	0	0
3396	A	0	0
3396	G	0	0
3399	G	0	0
3399	T	0	0
3404	GG	0	0
3404	TA	0	0
3411	G	0	0
3411	T	0	0
3415	AC	0	0
3415	GT	0	0
3417	G	0	0
3417	T	0	0
3421	A	0	0
3421	C	0	0
3422	A	0	0
3422	G	0	0
3442	CGC	0	0
3442	CGT	0	0
3442	GAC	0	0
3442	GAT	0	0
3442	GGC	0	0
3443	ACCACNN	0	0
3443	CNAACNA	0	0
3443	CNACCAT	0	0
3443	CNACCNA	0	0
3443	NCCACAG	0	0
3443	NCCACCG	0	0
3443	NCCATAG	0	0
3443	NTAACAG	0	0
3443	NTAACCG	0	0
3443	NTAACNG	0	0
3443	NTCACAC	0	0
3443	NTCACAG	0	0
3443	TCCACNN	0	0
3443	TNAACNA	0	0
3443	TNACCAT	0	0
3443	TNACCNA	0	0
3459	A	0	0
3459	G	0	0
3471	C	0	0
3471	T	0	0
3479	CT	0	0
3479	GC	0	0
3479	GT	0	0
3491	C	0	0
3491	T	0	0
3519	C	0	0
3519	T	0	0
3536	G	0	0
3536	T	0	0
3554	A	0	0
3554	C	0	0
3557	C	0	0
3557	T	0	0
3591	C	0	0
3591	T	0	0
3594	CG	0	0
3594	GC	0	0
3594	GG	0	0
3604	CA	0	0
3604	CG	0	0
3604	GG	0	0
3612	G	0	0
3612	T	0	0
3619	CCCC	0	0
3619	TGAT	0	0
3623	A	0	0
3623	G	0	0
3642	AT	0	0
3642	GA	0	0
3648	G	0	0
3648	T	0	0
3679	C	0	0
3679	T	0	0
3699	A	0	0
3699	C	0	0
3700	C	0	0
3700	T	0	0
3719	A	0	0
3719	T	0	0
3735	A	0	0
3735	G	0	0
3737	CC	0	0
3737	GA	0	0
3737	GC	0	0
3741	AT	0	0
3741	TG	0	0
3783	CG	0	0
3783	TA	0	0
3784	G	0	0
3784	T	0	0
3791	C	0	0
3791	T	0	0
3829	A	0	0
3829	C	0	0
3843	CCTCCCTGG	0	0
3843	CCTCTCTGG	0	0
3843	CTTTCCTGG	0	0
3843	TCTCCCAGC	0	0
3843	TCTCCCANC	0	0
3843	TCTCCCCGC	0	0
3843	TCTCCCTGC	0	0
3843	TCTCCCTGG	0	0
3843	TCTCCCTGN	0	0
3843	TCTCCCTNC	0	0
3843	TCTCCCTTG	0	0
3843	TCTTCCTGG	0	0
3843	TCTTCCTGN	0	0
3843	TGTTCAAGG	0	0
3843	TGTTCATGG	0	0
3843	TGTTCCAGG	0	0
3843	TGTTCCTGG	0	0
3843	TTCCCCTGG	0	0
3843	TTTCCCTGG	0	0
3846	C	0	0
3846	T	0	0
3859	C	0	0
3859	T	0	0
3865	C	0	0
3865	T	0	0
3877	G	0	0
3877	T	0	0
3880	AGC	0	0
3880	GTT	0	0
3885	A	0	0
3885	G	0	0
3886	C	0	0
3886	T	0	0
3889	C	0	0
3889	G	0	0
3908	C	0	0
3908	T	0	0
3914	C	0	0
3914	G	0	0
3922	C	0	0
3922	T	0	0
3942	C	0	0
3942	T	0	0
3950	C	0	0
3950	T	0	0
3967	A	0	0
3967	T	0	0
4009	C	0	0
4009	T	0	0
4032	A	0	0
4032	T	0	0
4039	A	0	0
4039	T	0	0
4044	A	0	0
4044	T	0	0
4047	A	0	0
4047	G	0	0
4061	A	0	0
4061	G	0	0
4062	G	0	0
4062	T	0	0
4085	G	0	0
4085	T	0	0
4092	A	0	0
4092	G	0	0
4134	G	0	0
4134	T	0	0
4145	A	0	0
4145	T	0	0
4170	CCCA	0	0
4170	TACG	0	0
4170	TAGG	0	0
4170	TCCG	0	0
4182	GCAAG	0	0
4182	GTAAG	0	0
4182	GTAAT	0	0
4182	TCTAG	0	0
4182	TCTCG	0	0
4251	A	0	0
4251	T	0	0
4282	C	0	0
4282	T	0	0
4298	A	0	0
4298	T	0	0
4306	G	0	0
4306	T	0	0
4321	A	0	0
4321	T	0	0
4351	C	0	0
4351	T	0	0
4354	C	0	0
4354	T	0	0
4362	A	0	0
4362	G	0	0
4378	AG	0	0
4378	CC	0	0
4378	CG	0	0
4381	CCGC	0	0
4381	TAGC	0	0
4381	TAGG	0	0
4381	TCAC	0	0
4381	TCGC	0	0
4381	TCGG	0	0
4391	A	0	0
4391	C	0	0
4403	G	0	0
4403	T	0	0
4405	C	0	0
4405	T	0	0
4421	C	0	0
4421	G	0	0
4423	AC	0	0
4423	AT	0	0
4423	TC	0	0
4423	TT	0	0
4429	A	0	0
4429	C	0	0
4460	C	0	0
4460	G	0	0
4478	G	0	0
4478	T	0	0
4485	A	0	0
4485	G	0	0
4494	A	0	0
4494	C	0	0
4511	C	0	0
4511	T	0	0
4512	A	0	0
4512	G	0	0
4523	A	0	0
4523	G	0	0
4534	A	0	0
4534	G	0	0
4538	A	0	0
4538	C	0	0
4548	G	0	0
4548	T	0	0
4567	A	0	0
4567	C	0	0
4570	C	0	0
4570	T	0	0
4591	C	0	0
4591	T	0	0
4633	A	0	0
4633	G	0	0
4647	CCGT	0	0
4647	TACT	0	0
4647	TCCC	0	0
4647	TCCN	0	0
4647	TCCT	0	0
4647	TCGC	0	0
4647	TCGT	0	0
4654	A	0	0
4654	G	0	0
4678	G	0	0
4678	T	0	0
4688	A	0	0
4688	C	0	0
4713	AC	0	0
4713	CC	0	0
4713	CT	0	0
4721	C	0	0
4721	T	0	0
4724	A	0	0
4724	G	0	0
4725	A	0	0
4725	G	0	0
4749	C	0	0
4749	G	0	0
4758	A	0	0
4758	T	0	0
4759	CGCCACG	0	0
4759	CGCCGCG	0	0
4759	TGACGCG	0	0
4759	TGCCAAG	0	0
4759	TGCCACG	0	0
4759	TGCCATA	0	0
4759	TGCCATG	0	0
4759	TGCCGAG	0	0
4759	TGCCGCG	0	0
4759	TTCTGCG	0	0
4820	C	0	0
4820	T	0	0
4823	A	0	0
4823	T	0	0
4826	CT	0	0
4826	GG	0	0
4826	GT	0	0
4826	TG	0	0
4839	A	0	0
4839	C	0	0
4840	A	0	0
4840	G	0	0
4841	C	0	0
4841	G	0	0
4848	A	0	0
4848	C	0	0
4853	C	0	0
4853	G	0	0
4855	A	0	0
4855	G	0	0
4859	G	0	0
4859	T	0	0
4864	C	0	0
4864	T	0	0
4882	A	0	0
4882	G	0	0
4890	A	0	0
4890	G	0	0
4895	A	0	0
4895	G	0	0
4916	AC	0	0
4916	GC	0	0
4916	GT	0	0
4931	A	0	0
4931	G	0	0
4933	CCC	0	0
4933	CGG	0	0
4933	TGG	0	0
4939	A	0	0
4939	G	0	0
4954	C	0	0
4954	T	0	0
4973	G	0	0
4973	T	0	0
4987	A	0	0
4987	C	0	0
4992	A	0	0
4992	T	0	0
5025	AGCA	0	0
5025	GACA	0	0
5025	GATA	0	0
5025	GATC	0	0
5025	GGCA	0	0
5036	A	0	0
5036	T	0	0
5043	C	0	0
5043	T	0	0
5062	C	0	0
5062	T	0	0
5064	A	0	0
5064	G	0	0
5070	G	0	0
5070	T	0	0
5090	C	0	0
5090	T	0	0
5107	C	0	0
5107	T	0	0
5110	CCN	0	0
5110	CCT	0	0
5110	GCT	0	0
5110	GGC	0	0
5110	GGT	0	0
5142	A	0	0
5142	G	0	0
5145	CG	0	0
5145	TA	0	0
5150	A	0	0
5150	G	0	0
5171	G	0	0
5171	T	0	0
5189	A	0	0
5189	C	0	0
5193	A	0	0
5193	G	0	0
5199	A	0	0
5199	G	0	0
5210	A	0	0
5210	G	0	0
5217	G	0	0
5217	T	0	0
5221	A	0	0
5221	C	0	0
5224	AC	0	0
5224	GA	0	0
5280	CTC	0	0
5280	TAA	0	0
5280	TTC	0	0
5294	C	0	0
5294	G	0	0
5297	CA	0	0
5297	CC	0	0
5297	TC	0	0
5326	C	0	0
5326	G	0	0
5333	A	0	0
5333	T	0	0
5341	CG	0	0
5341	CT	0	0
5341	TG	0	0
5357	C	0	0
5357	G	0	0
5368	C	0	0
5368	G	0	0
5374	A	0	0
5374	G	0	0
5390	CGCC	0	0
5390	GAAG	0	0
5390	GACG	0	0
5391	A	0	0
5391	G	0	0
5405	C	0	0
5405	T	0	0
5406	CC	0	0
5406	CG	0	0
5406	TG	0	0
5409	C	0	0
5409	T	0	0
5432	A	0	0
5432	G	0	0
5434	A	0	0
5434	G	0	0
5446	CGTCCAAC	0	0
5446	CGTCCACC	0	0
5446	CGTCCGCC	0	0
5446	CTGCCACC	0	0
5446	GGGCCACC	0	0
5446	GGGCCACG	0	0
5446	GGGGCACG	0	0
5446	GGTCCAAC	0	0
5446	GGTCCACC	0	0
5446	GGTCCACT	0	0
5446	GGTCGACC	0	0
5446	TGTCGACC	0	0
5462	C	0	0
5462	T	0	0
5492	C	0	0
5492	G	0	0
5508	A	0	0
5508	G	0	0
5533	A	0	0
5533	G	0	0
5538	C	0	0
5538	G	0	0
5545	A	0	0
5545	G	0	0
5547	C	0	0
5547	T	0	0
5548	C	0	0
5548	G	0	0
5556	A	0	0
5556	G	0	0
5559	A	0	0
5559	G	0	0
5561	C	0	0
5561	T	0	0
5569	G	0	0
5569	T	0	0
5570	A	0	0
5570	T	0	0
5574	A	0	0
5574	T	0	0
5577	C	0	0
5577	G	0	0
5585	A	0	0
5585	C	0	0
5602	A	0	0
5602	G	0	0
5614	C	0	0
5614	T	0	0
5617	A	0	0
5617	G	0	0
5675	A	0	0
5675	G	0	0
5677	A	0	0
5677	G	0	0
5695	G	0	0
5695	T	0	0
5699	A	0	0
5699	G	0	0
5700	G	0	0
5700	T	0	0
5701	GA	0	0
5701	GG	0	0
5701	TG	0	0
5708	CA	0	0
5708	CG	0	0
5708	GA	0	0
5709	AAGA	0	0
5709	GGAG	0	0
5715	C	0	0
5715	G	0	0
5733	A	0	0
5733	G	0	0
5741	G	0	0
5741	T	0	0
5746	C	0	0
5746	T	0	0
5751	C	0	0
5751	G	0	0
5757	C	0	0
5757	T	0	0
5760	C	0	0
5760	T	0	0
5769	G	0	0
5769	T	0	0
5771	A	0	0
5771	G	0	0
5794	G	0	0
5794	T	0	0
5797	G	0	0
5797	T	0	0
5806	G	0	0
5806	T	0	0
5816	CAAGAC	0	0
5816	CGTGAC	0	0
5816	GAAGAC	0	0
5816	GATCCA	0	0
5831	CCAGTAACCC	0	0
5831	CCATTAACCC	0	0
5831	CCGTAAACCC	0	0
5831	CCGTAAACTC	0	0
5831	CCGTAAGCCC	0	0
5831	CCGTAGACCC	0	0
5831	CCGTAGACTC	0	0
5831	CCGTAGGCCC	0	0
5831	CCGTAGGCTC	0	0
5831	TCATAAACCC	0	0
5831	TCATTAACCC	0	0
5831	TCGTAAACCC	0	0
5831	TCGTTAAAAC	0	0
5831	TCGTTAACAC	0	0
5831	TCGTTAACCC	0	0
5831	TCGTTAGCCC	0	0
5831	TGATTAACCC	0	0
5831	TGGGTAACCG	0	0
5831	TGGTAAACCC	0	0
5831	TGGTTAAAAC	0	0
5831	TGGTTAACAC	0	0
5831	TGGTTAACCC	0	0
5831	TGGTTAACCG	0	0
5831	TGGTTAGCCC	0	0
5831	TTGTTAACAC	0	0
5831	TTGTTAACCC	0	0
5831	TTGTTAACCT	0	0
5832	A	0	0
5832	C	0	0
5834	C	0	0
5834	G	0	0
5839	G	0	0
5839	T	0	0
5850	CG	0	0
5850	TA	0	0
5855	AAG	0	0
5855	AAT	0	0
5855	TGG	0	0
5855	TTG	0	0
5857	A	0	0
5857	G	0	0
5865	A	0	0
5865	C	0	0
5880	A	0	0
5880	G	0	0
5886	A	0	0
5886	G	0	0
5893	CA	0	0
5893	GA	0	0
5893	GC	0	0
5902	C	0	0
5902	T	0	0
5910	CACCG	0	0
5910	CACTG	0	0
5910	CAGCC	0	0
5910	CAGCG	0	0
5910	TAGCG	0	0
5910	TTGCG	0	0
5912	C	0	0
5912	T	0	0
5918	C	0	0
5918	T	0	0
5932	CC	0	0
5932	CG	0	0
5932	TC	0	0
5941	A	0	0
5941	G	0	0
5952	ACG	0	0
5952	CTA	0	0
5994	A	0	0
5994	C	0	0
6002	G	0	0
6002	T	0	0
6007	C	0	0
6007	T	0	0
6032	G	0	0
6032	T	0	0
6045	C	0	0
6045	G	0	0
6052	C	0	0
6052	T	0	0
6140	A	0	0
6140	G	0	0
6152	G	0	0
6152	T	0	0
6173	AAAAACAATA	0	0
6173	AAAGACAATA	0	0
6173	CAAAAAGATA	0	0
6173	CAAAAAGCTA	0	0
6173	CAAAACAATA	0	0
6173	CAAAACACTA	0	0
6173	CAAAACGCTA	0	0
6173	CAAACAGATA	0	0
6173	CAAACAGCTA	0	0
6173	CAGACAGATA	0	0
6173	CAGACAGATG	0	0
6173	CAGACAGCCA	0	0
6173	CAGACAGCTA	0	0
6173	CCAAACACTA	0	0
6173	CCAAACGCTA	0	0
6173	TAAAACAATA	0	0
6176	A	0	0
6176	T	0	0
6179	C	0	0
6179	T	0	0
6196	AG	0	0
6196	GG	0	0
6196	GT	0	0
6204	C	0	0
6204	T	0	0
6207	A	0	0
6207	G	0	0
6208	A	0	0
6208	G	0	0
6222	A	0	0
6222	G	0	0
6251	A	0	0
6251	C	0	0
6275	G	0	0
6275	T	0	0
6316	C	0	0
6316	G	0	0
6318	A	0	0
6318	G	0	0
6322	A	0	0
6322	C	0	0
6329	C	0	0
6329	T	0	0
6331	A	0	0
6331	C	0	0
6360	C	0	0
6360	G	0	0
6368	A	0	0
6368	C	0	0
6369	CCTCGACT	0	0
6369	CTCCGACT	0	0
6369	CTCCGGCT	0	0
6369	CTTCGACC	0	0
6369	CTTCGACT	0	0
6369	CTTCGGCC	0	0
6369	CTTCGGCT	0	0
6369	CTTCGGTC	0	0
6369	CTTCGGTT	0	0
6369	GTTTGGCT	0	0
6369	TTTCAACT	0	0
6369	TTTCAGCT	0	0
6369	TTTCGACT	0	0
6369	TTTCGGCT	0	0
6374	C	0	0
6374	T	0	0
6387	CA	0	0
6387	CG	0	0
6387	TG	0	0
6401	C	0	0
6401	T	0	0
6423	A	0	0
6423	G	0	0
6426	AA	0	0
6426	GG	0	0
6433	A	0	0
6433	G	0	0
6442	G	0	0
6442	T	0	0
6461	C	0	0
6461	T	0	0
6480	C	0	0
6480	T	0	0
6483	G	0	0
6483	T	0	0
6486	GCACCT	0	0
6486	GCATCT	0	0
6486	GTATCT	0	0
6486	TCACCA	0	0
6486	TCACCT	0	0
6486	TCACGA	0	0
6486	TCGCCT	0	0
6489	C	0	0
6489	T	0	0
6490	A	0	0
6490	G	0	0
6499	C	0	0
6499	G	0	0
6500	A	0	0
6500	T	0	0
6523	A	0	0
6523	C	0	0
6529	C	0	0
6529	T	0	0
6534	C	0	0
6534	T	0	0
6540	A	0	0
6540	T	0	0
6542	C	0	0
6542	T	0	0
6549	G	0	0
6549	T	0	0
6557	C	0	0
6557	T	0	0
6562	G	0	0
6562	T	0	0
6565	AA	0	0
6565	GA	0	0
6565	GC	0	0
6601	A	0	0
6601	T	0	0
6634	A	0	0
6634	G	0	0
6673	A	0	0
6673	T	0	0
6701	A	0	0
6701	C	0	0
6707	C	0	0
6707	T	0	0
6709	G	0	0
6709	T	0	0
6732	CGCACG	0	0
6732	TCCACG	0	0
6732	TCCANN	0	0
6732	TCCTNN	0	0
6732	TCTACG	0	0
6732	TCTTAA	0	0
6732	TCTTCA	0	0
6732	TTCACG	0	0
6732	TTCANN	0	0
6732	TTCTCG	0	0
6732	TTCTNN	0	0
6740	C	0	0
6740	G	0	0
6747	C	0	0
6747	T	0	0
6756	C	0	0
6756	G	0	0
6761	G	0	0
6761	T	0	0
6767	A	0	0
6767	T	0	0
6769	A	0	0
6769	G	0	0
6772	A	0	0
6772	C	0	0
6781	C	0	0
6781	G	0	0
6787	A	0	0
6787	C	0	0
6789	A	0	0
6789	G	0	0
6795	C	0	0
6795	T	0	0
6807	C	0	0
6807	T	0	0
6808	GC	0	0
6808	GT	0	0
6808	TC	0	0
6819	C	0	0
6819	G	0	0
6839	A	0	0
6839	G	0	0
6841	C	0	0
6841	T	0	0
6846	A	0	0
6846	C	0	0
6853	A	0	0
6853	G	0	0
6863	C	0	0
6863	T	0	0
6867	C	0	0
6867	T	0	0
6872	C	0	0
6872	T	0	0
6876	AT	0	0
6876	GA	0	0
6882	CCA	0	0
6882	CCG	0	0
6882	TCA	0	0
6882	TTA	0	0
6896	A	0	0
6896	G	0	0
6903	A	0	0
6903	C	0	0
6924	A	0	0
6924	G	0	0
6932	C	0	0
6932	T	0	0
6937	G	0	0
6937	T	0	0
6967	G	0	0
6967	T	0	0
6985	A	0	0
6985	C	0	0
6996	C	0	0
6996	T	0	0
7007	C	0	0
7007	T	0	0
7024	C	0	0
7024	G	0	0
7030	A	0	0
7030	G	0	0
7042	AGC	0	0
7042	CAT	0	0
7057	C	0	0
7057	T	0	0
7077	GC	0	0
7077	TA	0	0
7077	TC	0	0
7089	A	0	0
7089	G	0	0
7109	C	0	0
7109	T	0	0
7123	C	0	0
7123	T	0	0
7148	A	0	0
7148	C	0	0
7171	G	0	0
7171	T	0	0
7227	C	0	0
7227	T	0	0
7228	G	0	0
7228	T	0	0
7243	A	0	0
7243	G	0	0
7253	C	0	0
7253	G	0	0
7274	C	0	0
7274	T	0	0
7292	C	0	0
7292	T	0	0
7301	C	0	0
7301	T	0	0
7323	G	0	0
7323	T	0	0
7330	G	0	0
7330	T	0	0
7339	CTC	0	0
7339	GGC	0	0
7339	GGT	0	0
7343	A	0	0
7343	G	0	0
7368	A	0	0
7368	C	0	0
7380	C	0	0
7380	G	0	0
7430	C	0	0
7430	G	0	0
7444	C	0	0
7444	T	0	0
7465	C	0	0
7465	G	0	0
7499	C	0	0
7499	T	0	0
7504	A	0	0
7504	G	0	0
7510	CAA	0	0
7510	GTT	0	0
7512	C	0	0
7512	G	0	0
7514	A	0	0
7514	G	0	0
7557	C	0	0
7557	T	0	0
7558	G	0	0
7558	T	0	0
7584	A	0	0
7584	T	0	0
7585	A	0	0
7585	G	0	0
7596	C	0	0
7596	T	0	0
7601	A	0	0
7601	C	0	0
7628	C	0	0
7628	T	0	0
7637	A	0	0
7637	G	0	0
7647	C	0	0
7647	T	0	0
7681	C	0	0
7681	T	0	0
7685	A	0	0
7685	C	0	0
7699	A	0	0
7699	G	0	0
7721	A	0	0
7721	T	0	0
7756	C	0	0
7756	T	0	0
7764	C	0	0
7764	T	0	0
7766	A	0	0
7766	G	0	0
7767	GC	0	0
7767	TT	0	0
7803	C	0	0
7803	T	0	0
7832	C	0	0
7832	G	0	0
7854	A	0	0
7854	G	0	0
7869	C	0	0
7869	T	0	0
7884	ACACTN	0	0
7884	TCACTA	0	0
7884	TCACTC	0	0
7884	TCACTN	0	0
7884	TCATTN	0	0
7884	TCCCTA	0	0
7884	TGACCC	0	0
7884	TGACTC	0	0
7896	A	0	0
7896	G	0	0
7912	C	0	0
7912	T	0	0
7924	AT	0	0
7924	CG	0	0
7928	CG	0	0
7928	TA	0	0
7959	C	0	0
7959	T	0	0
7977	G	0	0
7977	T	0	0
7990	A	0	0
7990	T	0	0
7996	A	0	0
7996	G	0	0
8001	A	0	0
8001	C	0	0
8011	A	0	0
8011	G	0	0
8018	A	0	0
8018	T	0	0
8029	AC	0	0
8029	TT	0	0
8063	A	0	0
8063	T	0	0
8078	C	0	0
8078	G	0	0
8120	C	0	0
8120	G	0	0
8130	A	0	0
8130	G	0	0
8142	C	0	0
8142	G	0	0
8149	A	0	0
8149	G	0	0
8203	A	0	0
8203	G	0	0
8207	A	0	0
8207	G	0	0
8227	A	0	0
8227	G	0	0
8249	A	0	0
8249	G	0	0
8263	A	0	0
8263	C	0	0
8281	C	0	0
8281	G	0	0
8299	A	0	0
8299	G	0	0
8308	A	0	0
8308	G	0	0
8331	A	0	0
8331	T	0	0
8348	A	0	0
8348	G	0	0
8368	C	0	0
8368	G	0	0
8371	A	0	0
8371	G	0	0
8378	G	0	0
8378	T	0	0
8398	A	0	0
8398	G	0	0
8414	A	0	0
8414	C	0	0
8426	G	0	0
8426	T	0	0
8429	A	0	0
8429	G	0	0
8432	A	0	0
8432	G	0	0
8436	AA	0	0
8436	AG	0	0
8436	GG	0	0
8439	A	0	0
8439	T	0	0
8445	C	0	0
8445	T	0	0
8489	CTCG	0	0
8489	TGTG	0	0
8489	TGTT	0	0
8511	C	0	0
8511	G	0	0
8512	C	0	0
8512	T	0	0
8518	A	0	0
8518	G	0	0
8523	G	0	0
8523	T	0	0
8564	A	0	0
8564	C	0	0
8570	C	0	0
8570	T	0	0
8576	G	0	0
8576	T	0	0
8603	A	0	0
8603	G	0	0
8607	A	0	0
8607	G	0	0
8609	G	0	0
8609	T	0	0
8610	C	0	0
8610	T	0	0
8623	G	0	0
8623	T	0	0
8624	C	0	0
8624	T	0	0
8632	C	0	0
8632	T	0	0
8653	AT	0	0
8653	GG	0	0
8653	GT	0	0
8701	C	0	0
8701	T	0	0
8721	C	0	0
8721	G	0	0
8734	A	0	0
8734	G	0	0
8739	A	0	0
8739	T	0	0
8755	A	0	0
8755	G	0	0
8764	G	0	0
8764	T	0	0
8779	C	0	0
8779	G	0	0
8785	C	0	0
8785	G	0	0
8788	A	0	0
8788	C	0	0
8790	C	0	0
8790	T	0	0
8798	A	0	0
8798	C	0	0
8800	C	0	0
8800	T	0	0
8810	A	0	0
8810	G	0	0
8815	A	0	0
8815	G	0	0
8824	A	0	0
8824	G	0	0
8865	A	0	0
8865	T	0	0
8898	C	0	0
8898	T	0	0
8900	ATT	0	0
8900	CCC	0	0
8915	C	0	0
8915	G	0	0
8929	C	0	0
8929	G	0	0
8962	CAAAATT	0	0
8962	CAAACTT	0	0
8962	CAAGATT	0	0
8962	CAAGCTT	0	0
8962	CAGGCCT	0	0
8962	CCAACTT	0	0
8962	TAAGATG	0	0
8962	TAAGATT	0	0
9002	A	0	0
9002	T	0	0
9012	C	0	0
9012	T	0	0
9017	C	0	0
9017	T	0	0
9022	A	0	0
9022	G	0	0
9072	CC	0	0
9072	TC	0	0
9072	TT	0	0
9086	CGCGT	0	0
9086	CGTAT	0	0
9086	CGTGA	0	0
9086	CGTGT	0	0
9086	GCTAG	0	0
9086	GGTAA	0	0
9086	GGTAG	0	0
9086	NGTAT	0	0
9095	A	0	0
9095	G	0	0
9109	A	0	0
9109	C	0	0
9112	AATC	0	0
9112	TAGC	0	0
9112	TATC	0	0
9112	TGGC	0	0
9112	TTTC	0	0
9112	TTTG	0	0
9117	CG	0	0
9117	TA	0	0
9134	C	0	0
9134	G	0	0
9136	A	0	0
9136	G	0	0
9142	A	0	0
9142	G	0	0
9146	C	0	0
9146	G	0	0
9151	C	0	0
9151	G	0	0
9155	A	0	0
9155	G	0	0
9179	A	0	0
9179	T	0	0
9184	A	0	0
9184	T	0	0
9187	ACGCT	0	0
9187	ACTCT	0	0
9187	ACTTT	0	0
9187	CCTCT	0	0
9187	CGCCA	0	0
9187	CTTCA	0	0
9187	CTTCT	0	0
9191	C	0	0
9191	G	0	0
9220	A	0	0
9220	G	0	0
9238	A	0	0
9238	G	0	0
9253	AA	0	0
9253	AG	0	0
9253	GG	0	0
9258	A	0	0
9258	G	0	0
9305	A	0	0
9305	T	0	0
9317	C	0	0
9317	T	0	0
9343	C	0	0
9343	G	0	0
9345	G	0	0
9345	T	0	0
9380	C	0	0
9380	T	0	0
9386	A	0	0
9386	T	0	0
9400	C	0	0
9400	G	0	0
9411	C	0	0
9411	T	0	0
9416	AT	0	0
9416	GC	0	0
9416	GT	0	0
9463	A	0	0
9463	G	0	0
9499	A	0	0
9499	C	0	0
9520	A	0	0
9520	G	0	0
9529	C	0	0
9529	T	0	0
9545	A	0	0
9545	G	0	0
9554	G	0	0
9554	T	0	0
9589	A	0	0
9589	C	0	0
9596	A	0	0
9596	T	0	0
9600	C	0	0
9600	G	0	0
9629	AA	0	0
9629	GC	0	0
9659	C	0	0
9659	G	0	0
9670	C	0	0
9670	T	0	0
9677	A	0	0
9677	C	0	0
9694	C	0	0
9694	G	0	0
9702	C	0	0
9702	G	0	0
9720	A	0	0
9720	C	0	0
9724	AA	0	0
9724	AG	0	0
9724	CG	0	0
9739	C	0	0
9739	T	0	0
9740	A	0	0
9740	C	0	0
9761	C	0	0
9761	T	0	0
9766	A	0	0
9766	G	0	0
9793	GTC	0	0
9793	TCA	0	0
9793	TTA	0	0
9795	A	0	0
9795	C	0	0
9796	A	0	0
9796	G	0	0
9811	A	0	0
9811	T	0	0
9827	C	0	0
9827	G	0	0
9834	A	0	0
9834	G	0	0
9878	C	0	0
9878	T	0	0
9881	C	0	0
9881	G	0	0
9920	A	0	0
9920	C	0	0
9922	A	0	0
9922	G	0	0
9924	CC	0	0
9924	CG	0	0
9924	TC	0	0
9924	TG	0	0
9947	A	0	0
9947	G	0	0
9952	A	0	0
9952	G	0	0
9993	C	0	0
9993	T	0	0
9994	A	0	0
9994	G	0	0
9997	A	0	0
9997	C	0	0
10004	C	0	0
10004	G	0	0
10023	C	0	0
10023	T	0	0
10034	AC	0	0
10034	GA	0	0
10045	ACATT	0	0
10045	CCAGC	0	0
10045	CCATT	0	0
10045	CCGTT	0	0
10045	CTGTT	0	0
10051	G	0	0
10051	T	0	0
10064	A	0	0
10064	T	0	0
10098	A	0	0
10098	G	0	0
10107	C	0	0
10107	G	0	0
10113	AA	0	0
10113	AG	0	0
10113	CA	0	0
10119	C	0	0
10119	G	0	0
10133	C	0	0
10133	T	0	0
10147	A	0	0
10147	G	0	0
10163	CCTAACT	0	0
10163	CTCAACT	0	0
10163	CTCAGCC	0	0
10163	CTCAGCT	0	0
10163	CTCGGCC	0	0
10163	CTTAACT	0	0
10163	CTTAGCC	0	0
10163	CTTAGCT	0	0
10163	CTTGGCC	0	0
10163	CTTGGGG	0	0
10163	TCTAACT	0	0
10165	G	0	0
10165	T	0	0
10204	G	0	0
10204	T	0	0
10246	G	0	0
10246	T	0	0
10249	A	0	0
10249	G	0	0
10251	G	0	0
10251	T	0	0
10252	C	0	0
10252	T	0	0
10266	C	0	0
10266	T	0	0
10284	A	0	0
10284	G	0	0
10297	CA	0	0
10297	CT	0	0
10297	TT	0	0
10314	A	0	0
10314	C	0	0
10361	AGGT	0	0
10361	CTAC	0	0
10378	CG	0	0
10378	CT	0	0
10378	GG	0	0
10382	A	0	0
10382	G	0	0
10400	C	0	0
10400	T	0	0
10424	A	0	0
10424	C	0	0
10441	C	0	0
10441	T	0	0
10456	G	0	0
10456	T	0	0
10517	CG	0	0
10517	GA	0	0
10532	A	0	0
10532	G	0	0
10550	A	0	0
10550	T	0	0
10610	G	0	0
10610	T	0	0
10618	C	0	0
10618	T	0	0
10632	A	0	0
10632	G	0	0
10656	G	0	0
10656	T	0	0
10660	C	0	0
10660	T	0	0
10665	A	0	0
10665	C	0	0
10673	C	0	0
10673	T	0	0
10679	A	0	0
10679	C	0	0
10700	C	0	0
10700	T	0	0
10710	C	0	0
10710	G	0	0
10763	C	0	0
10763	T	0	0
10769	AGA	0	0
10769	ATA	0	0
10769	GGT	0	0
10774	A	0	0
10774	C	0	0
10793	C	0	0
10793	T	0	0
10794	CC	0	0
10794	GA	0	0
10808	C	0	0
10808	G	0	0
10829	A	0	0
10829	G	0	0
10844	C	0	0
10844	T	0	0
10854	C	0	0
10854	G	0	0
10856	G	0	0
10856	T	0	0
10877	A	0	0
10877	C	0	0
10882	C	0	0
10882	T	0	0
10886	C	0	0
10886	T	0	0
10890	C	0	0
10890	T	0	0
10907	C	0	0
10907	T	0	0
10915	A	0	0
10915	G	0	0
10941	C	0	0
10941	T	0	0
10943	A	0	0
10943	T	0	0
11060	A	0	0
11060	G	0	0
11061	G	0	0
11061	T	0	0
11077	GA	0	0
11077	TG	0	0
11081	G	0	0
11081	T	0	0
11082	A	0	0
11082	G	0	0
11120	AGG	0	0
11120	GAA	0	0
11125	C	0	0
11125	T	0	0
11134	G	0	0
11134	T	0	0
11141	A	0	0
11141	C	0	0
11175	C	0	0
11175	T	0	0
11195	C	0	0
11195	T	0	0
11205	A	0	0
11205	C	0	0
11209	A	0	0
11209	C	0	0
11211	A	0	0
11211	T	0	0
11240	A	0	0
11240	G	0	0
11286	A	0	0
11286	G	0	0
11316	A	0	0
11316	T	0	0
11317	G	0	0
11317	T	0	0
11318	A	0	0
11318	C	0	0
11326	G	0	0
11326	T	0	0
11338	A	0	0
11338	G	0	0
11342	A	0	0
11342	G	0	0
11367	C	0	0
11367	T	0	0
11376	A	0	0
11376	G	0	0
11388	C	0	0
11388	T	0	0
11422	A	0	0
11422	C	0	0
11429	C	0	0
11429	T	0	0
11440	A	0	0
11440	G	0	0
11443	C	0	0
11443	G	0	0
11468	C	0	0
11468	G	0	0
11469	G	0	0
11469	T	0	0
11470	A	0	0
11470	G	0	0
11558	A	0	0
11558	G	0	0
11559	C	0	0
11559	T	0	0
11594	C	0	0
11594	G	0	0
11600	A	0	0
11600	G	0	0
11618	A	0	0
11618	C	0	0
11624	A	0	0
11624	G	0	0
11641	A	0	0
11641	G	0	0
11649	CCC	0	0
11649	TGT	0	0
11688	A	0	0
11688	T	0	0
11701	C	0	0
11701	T	0	0
11709	C	0	0
11709	T	0	0
11727	A	0	0
11727	G	0	0
11746	A	0	0
11746	C	0	0
11766	A	0	0
11766	G	0	0
11778	A	0	0
11778	T	0	0
11809	C	0	0
11809	G	0	0
11828	A	0	0
11828	G	0	0
11837	C	0	0
11837	T	0	0
11839	A	0	0
11839	C	0	0
11880	GGA	0	0
11880	TAG	0	0
11990	GTCA	0	0
11990	GTCG	0	0
11990	TAAG	0	0
11990	TTCA	0	0
11990	TTCG	0	0
12005	A	0	0
12005	C	0	0
12007	C	0	0
12007	T	0	0
12021	C	0	0
12021	T	0	0
12022	C	0	0
12022	G	0	0
12061	A	0	0
12061	T	0	0
12093	C	0	0
12093	T	0	0
12133	CG	0	0
12133	CT	0	0
12133	TG	0	0
12147	C	0	0
12147	T	0	0
12206	A	0	0
12206	T	0	0
12220	C	0	0
12220	T	0	0
12230	A	0	0
12230	C	0	0
12262	A	0	0
12262	T	0	0
12277	A	0	0
12277	C	0	0
12279	A	0	0
12279	G	0	0
12292	A	0	0
12292	C	0	0
12294	A	0	0
12294	C	0	0
12322	A	0	0
12322	C	0	0
12347	C	0	0
12347	T	0	0
12355	CGCC	0	0
12355	TCGT	0	0
12360	C	0	0
12360	T	0	0
12362	A	0	0
12362	C	0	0
12388	A	0	0
12388	C	0	0
12396	C	0	0
12396	G	0	0
12407	C	0	0
12407	T	0	0
12412	G	0	0
12412	T	0	0
12421	A	0	0
12421	G	0	0
12440	AAAA	0	0
12440	CGGC	0	0
12471	C	0	0
12471	G	0	0
12517	A	0	0
12517	G	0	0
12533	C	0	0
12533	T	0	0
12548	C	0	0
12548	T	0	0
12569	C	0	0
12569	T	0	0
12578	C	0	0
12578	T	0	0
12582	A	0	0
12582	G	0	0
12601	A	0	0
12601	G	0	0
12604	C	0	0
12604	T	0	0
12621	A	0	0
12621	G	0	0
12636	C	0	0
12636	G	0	0
12639	A	0	0
12639	C	0	0
12644	C	0	0
12644	T	0	0
12656	A	0	0
12656	C	0	0
12691	A	0	0
12691	T	0	0
12695	G	0	0
12695	T	0	0
12724	G	0	0
12724	T	0	0
12726	A	0	0
12726	G	0	0
12729	AC	0	0
12729	GT	0	0
12757	A	0	0
12757	G	0	0
12764	A	0	0
12764	G	0	0
12770	AA	0	0
12770	TC	0	0
12774	C	0	0
12774	T	0	0
12824	A	0	0
12824	G	0	0
12845	C	0	0
12845	T	0	0
12849	CA	0	0
12849	CC	0	0
12849	GA	0	0
12849	GC	0	0
12868	A	0	0
12868	G	0	0
12875	C	0	0
12875	T	0	0
12877	AA	0	0
12877	AT	0	0
12877	GT	0	0
12889	C	0	0
12889	T	0	0
12911	A	0	0
12911	C	0	0
12916	AA	0	0
12916	AG	0	0
12916	CG	0	0
12919	G	0	0
12919	T	0	0
12934	A	0	0
12934	G	0	0
12992	AC	0	0
12992	AG	0	0
12992	CG	0	0
12997	A	0	0
12997	G	0	0
13086	G	0	0
13086	T	0	0
13099	C	0	0
13099	T	0	0
13101	C	0	0
13101	T	0	0
13145	A	0	0
13145	G	0	0
13148	A	0	0
13148	C	0	0
13154	A	0	0
13154	G	0	0
13166	G	0	0
13166	T	0	0
13255	A	0	0
13255	T	0	0
13294	G	0	0
13294	T	0	0
13304	A	0	0
13304	G	0	0
13308	A	0	0
13308	T	0	0
13312	A	0	0
13312	G	0	0
13343	C	0	0
13343	T	0	0
13350	A	0	0
13350	G	0	0
13383	A	0	0
13383	T	0	0
13415	A	0	0
13415	T	0	0
13461	AC	0	0
13461	AT	0	0
13461	GC	0	0
13489	A	0	0
13489	G	0	0
13516	C	0	0
13516	T	0	0
13536	C	0	0
13536	T	0	0
13541	C	0	0
13541	G	0	0
13579	C	0	0
13579	T	0	0
13597	AC	0	0
13597	GC	0	0
13597	GG	0	0
13614	C	0	0
13614	T	0	0
13616	AT	0	0
13616	GC	0	0
13624	A	0	0
13624	G	0	0
13646	A	0	0
13646	G	0	0
13655	C	0	0
13655	T	0	0
13705	C	0	0
13705	T	0	0
13711	A	0	0
13711	G	0	0
13741	A	0	0
13741	G	0	0
13753	C	0	0
13753	T	0	0
13759	C	0	0
13759	T	0	0
13761	A	0	0
13761	G	0	0
13771	A	0	0
13771	G	0	0
13790	A	0	0
13790	C	0	0
13794	A	0	0
13794	G	0	0
13805	A	0	0
13805	G	0	0
13811	C	0	0
13811	T	0	0
13817	AG	0	0
13817	AT	0	0
13817	CG	0	0
13919	C	0	0
13919	G	0	0
13920	A	0	0
13920	C	0	0
13935	A	0	0
13935	C	0	0
13987	C	0	0
13987	T	0	0
13991	C	0	0
13991	G	0	0
14007	A	0	0
14007	G	0	0
14025	A	0	0
14025	G	0	0
14065	G	0	0
14065	T	0	0
14119	AG	0	0
14119	GA	0	0
14123	C	0	0
14123	T	0	0
14131	G	0	0
14131	T	0	0
14189	A	0	0
14189	G	0	0
14256	C	0	0
14256	G	0	0
14264	A	0	0
14264	G	0	0
14308	A	0	0
14308	G	0	0
14332	C	0	0
14332	G	0	0
14352	A	0	0
14352	C	0	0
14384	A	0	0
14384	G	0	0
14387	C	0	0
14387	G	0	0
14440	AA	0	0
14440	GG	0	0
14453	A	0	0
14453	G	0	0
14483	C	0	0
14483	T	0	0
14494	A	0	0
14494	T	0	0
14525	C	0	0
14525	T	0	0
14529	A	0	0
14529	G	0	0
14551	A	0	0
14551	T	0	0
14582	C	0	0
14582	G	0	0
14608	C	0	0
14608	T	0	0
14618	CC	0	0
14618	CT	0	0
14618	TT	0	0
14638	A	0	0
14638	T	0	0
14672	GA	0	0
14672	GC	0	0
14672	GN	0	0
14672	TC	0	0
14682	C	0	0
14682	T	0	0
14720	A	0	0
14720	G	0	0
14779	C	0	0
14779	T	0	0
14786	A	0	0
14786	T	0	0
14797	C	0	0
14797	T	0	0
14845	A	0	0
14845	C	0	0
14904	C	0	0
14904	G	0	0
14916	C	0	0
14916	T	0	0
14941	G	0	0
14941	T	0	0
14950	A	0	0
14950	C	0	0
14967	AC	0	0
14967	GT	0	0
14991	A	0	0
14991	G	0	0
15006	A	0	0
15006	C	0	0
15024	A	0	0
15024	G	0	0
15113	A	0	0
15113	G	0	0
15224	CA	0	0
15224	TT	0	0
15277	C	0	0
15277	T	0	0
15292	G	0	0
15292	T	0	0
15299	A	0	0
15299	T	0	0
15314	A	0	0
15314	G	0	0
15357	C	0	0
15357	T	0	0
15372	G	0	0
15372	T	0	0
15400	AC	0	0
15400	TA	0	0
15463	A	0	0
15463	G	0	0
15490	G	0	0
15490	T	0	0
15512	A	0	0
15512	C	0	0
15552	C	0	0
15552	T	0	0
15566	C	0	0
15566	T	0	0
15576	C	0	0
15576	T	0	0
15586	A	0	0
15586	G	0	0
15621	A	0	0
15621	G	0	0
15634	C	0	0
15634	T	0	0
15674	A	0	0
15674	G	0	0
15734	AAG	0	0
15734	AGA	0	0
15734	TGA	0	0
15734	TGT	0	0
15735	A	0	0
15735	G	0	0
15747	A	0	0
15747	G	0	0
15787	A	0	0
15787	G	0	0
15788	A	0	0
15788	G	0	0
15820	C	0	0
15820	T	0	0
15868	C	0	0
15868	T	0	0
15870	C	0	0
15870	G	0	0
15888	A	0	0
15888	T	0	0
15945	A	0	0
15945	G	0	0
15970	G	0	0
15970	T	0	0
15982	A	0	0
15982	G	0	0
15987	A	0	0
15987	C	0	0
16031	A	0	0
16031	G	0	0
16058	A	0	0
16058	T	0	0
16061	A	0	0
16061	G	0	0
16092	C	0	0
16092	T	0	0
16145	A	0	0
16145	C	0	0
16165	A	0	0
16165	G	0	0
16192	C	0	0
16192	T	0	0
16246	C	0	0
16246	T	0	0
16247	G	0	0
16247	T	0	0
16249	C	0	0
16249	T	0	0
16251	C	0	0
16251	G	0	0
16341	A	0	0
16341	G	0	0
16347	A	0	0
16347	G	0	0
16402	CT	0	0
16402	TC	0	0
16433	A	0	0
16433	C	0	0
16487	CC	0	0
16487	CT	0	0
16487	TT	0	0
16489	A	0	0
16489	T	0	0
16507	A	0	0
16507	G	0	0
16512	A	0	0
16512	T	0	0
16584	A	0	0
16584	T	0	0
16590	A	0	0
16590	G	0	0
16666	A	0	0
16666	G	0	0
16675	C	0	0
16675	T	0	0
16696	C	0	0
16696	T	0	0
16735	C	0	0
16735	G	0	0
16736	C	0	0
16736	T	0	0
16750	A	0	0
16750	G	0	0
16824	C	0	0
16824	T	0	0
16882	A	0	0
16882	C	0	0
16883	C	0	0
16883	G	0	0
16918	A	0	0
16918	C	0	0
16969	A	0	0
16969	G	0	0
16973	A	0	0
16973	C	0	0
17031	A	0	0
17031	C	0	0
17031	N	0	0
17033	A	0	0
17033	C	0	0
17047	AA	0	0
17047	GG	0	0
17078	C	0	0
17078	G	0	0
17147	C	0	0
17147	T	0	0
17174	C	0	0
17174	G	0	0
17187	A	0	0
17187	C	0	0
17221	AA	0	0
17221	AT	0	0
17221	TT	0	0
17222	C	0	0
17222	T	0	0
17230	C	0	0
17230	T	0	0
17234	G	0	0
17234	T	0	0
17235	A	0	0
17235	G	0	0
17300	C	0	0
17300	T	0	0
17318	A	0	0
17318	G	0	0
17370	A	0	0
17370	C	0	0
17395	CACA	0	0
17395	CCAA	0	0
17395	CCCA	0	0
17395	TACG	0	0
17395	TCAA	0	0
17395	TCCA	0	0
17395	TCCG	0	0
17404	A	0	0
17404	C	0	0
17416	GC	0	0
17416	GT	0	0
17416	TT	0	0
17462	A	0	0
17462	C	0	0
17566	A	0	0
17566	T	0	0
17574	A	0	0
17574	C	0	0
17610	CG	0	0
17610	CT	0	0
17610	TG	0	0
17723	C	0	0
17723	T	0	0
17765	A	0	0
17765	G	0	0
17914	CG	0	0
17914	TA	0	0
17918	A	0	0
17918	G	0	0
17967	G	0	0
17967	T	0	0
17970	A	0	0
17970	C	0	0
18007	G	0	0
18007	T	0	0
18022	C	0	0
18022	T	0	0
18042	A	0	0
18042	T	0	0
18112	A	0	0
18112	G	0	0
18197	A	0	0
18197	T	0	0
18222	C	0	0
18222	T	0	0
18229	C	0	0
18229	T	0	0
18286	A	0	0
18286	T	0	0
18342	C	0	0
18342	T	0	0
18409	A	0	0
18409	G	0	0
18413	A	0	0
18413	G	0	0
18447	A	0	0
18447	C	0	0
18454	A	0	0
18454	G	0	0
18572	G	0	0
18572	T	0	0
18577	G	0	0
18577	T	0	0
18578	A	0	0
18578	G	0	0
18589	C	0	0
18589	T	0	0
18713	A	0	0
18713	G	0	0
18732	C	0	0
18732	T	0	0
18786	C	0	0
18786	T	0	0
18843	A	0	0
18843	G	0	0
18873	AATA	0	0
18873	GACC	0	0
18873	GATC	0	0
18873	GGTC	0	0
18884	C	0	0
18884	T	0	0
18889	G	0	0
18889	T	0	0
18912	C	0	0
18912	T	0	0
18925	A	0	0
18925	C	0	0
18951	A	0	0
18951	C	0	0
18989	CGT	0	0
18989	TCA	0	0
19052	A	0	0
19052	C	0	0
19154	ATAA	0	0
19154	TACG	0	0
19186	C	0	0
19186	T	0	0
19244	C	0	0
19244	G	0	0
19295	A	0	0
19295	G	0	0
19296	CA	0	0
19296	TG	0	0
19301	A	0	0
19301	G	0	0
19398	G	0	0
19398	T	0	0
19453	C	0	0
19453	T	0	0
19472	A	0	0
19472	C	0	0
19478	C	0	0
19478	G	0	0
19494	A	0	0
19494	C	0	0
19520	A	0	0
19520	T	0	0
19532	A	0	0
19532	G	0	0
19574	G	0	0
19574	T	0	0
19670	G	0	0
19670	T	0	0
19742	A	0	0
19742	G	0	0
19744	A	0	0
19744	C	0	0
19759	C	0	0
19759	G	0	0
19765	C	0	0
19765	G	0	0
19863	A	0	0
19863	C	0	0
19877	GTTT	0	0
19877	TCCC	0	0
19909	C	0	0
19909	T	0	0
19918	C	0	0
19918	G	0	0
19965	A	0	0
19965	C	0	0
19996	A	0	0
19996	G	0	0
20074	GA	0	0
20074	TC	0	0
20086	G	0	0
20086	T	0	0
20285	A	0	0
20285	T	0	0
20295	A	0	0
20295	G	0	0
20535	A	0	0
20535	G	0	0
20650	C	0	0
20650	T	0	0
20655	A	0	0
20655	G	0	0
20664	AA	0	0
20664	AG	0	0
20664	CA	0	0
20664	CG	0	0
20694	CA	0	0
20694	GA	0	0
20694	GC	0	0
20937	A	0	0
20937	G	0	0
20945	A	0	0
20945	T	0	0
20952	G	0	0
20952	T	0	0
21042	AGG	0	0
21042	CAG	0	0
21042	CGC	0	0
21042	CGG	0	0
21120	A	0	0
21120	C	0	0
21124	C	0	0
21124	G	0	0
21131	A	0	0
21131	T	0	0
21138	C	0	0
21138	T	0	0
21197	C	0	0
21197	G	0	0
21299	A	0	0
21299	T	0	0
21344	AGAGG	0	0
21344	CATAA	0	0
21344	CATGA	0	0
21344	TAAGG	0	0
21344	TGAGG	0	0
21368	C	0	0
21368	T	0	0
21424	AT	0	0
21424	TG	0	0
21535	ATG	0	0
21535	GTG	0	0
21535	NCG	0	0
21535	NCT	0	0
21621	A	0	0
21621	C	0	0
21716	G	0	0
21716	T	0	0
21850	A	0	0
21850	G	0	0
21940	G	0	0
21940	T	0	0
22247	C	0	0
22247	T	0	0
22347	C	0	0
22347	T	0	0
22380	A	0	0
22380	G	0	0
# cstacks completed on 2026-06-26 14:29:44
