# Bear_Paw	Bear_Paw_1,Bear_Paw_2,Bear_Paw_3,Bear_Paw_4,Bear_Paw_5,Bear_Paw_6,Bear_Paw_7,Bear_Paw_8
# Rabbit_Slough	Rabbit_Slough_1,Rabbit_Slough_2,Rabbit_Slough_3,Rabbit_Slough_4,Rabbit_Slough_5,Rabbit_Slough_6,Rabbit_Slough_7,Rabbit_Slough_8
# Locus ID	Chr	BP	Pop ID	N	Haplotype Cnt	Gene Diversity	Smoothed Gene Diversity	Smoothed Gene Diversity P-value	Haplotype Diversity	Smoothed Haplotype Diversity	Smoothed Haplotype Diversity P-value	HWE P-value	HWE P-value SE	Haplotypes
4	un	1	Bear_Paw	16	1	0.00000	-1.00000	-1.00000	0.00000	-1.00000	-1.00000	0.00000	0.00000	:16
4	un	1	Rabbit_Slough	16	1	0.00000	-1.00000	-1.00000	0.00000	-1.00000	-1.00000	0.00000	0.00000	:16
8	un	33	Bear_Paw	16	1	0.00000	-1.00000	-1.00000	0.00000	-1.00000	-1.00000	0.00000	0.00000	:16
8	un	33	Rabbit_Slough	16	1	0.00000	-1.00000	-1.00000	0.00000	-1.00000	-1.00000	0.00000	0.00000	:16
91	un	98	Bear_Paw	12	2	0.48485	-1.00000	-1.00000	0.48485	-1.00000	-1.00000	0.00000	0.00000	C:4;G:8
91	un	98	Rabbit_Slough	12	1	0.00000	-1.00000	-1.00000	0.00000	-1.00000	-1.00000	0.00000	0.00000	G:12
222	un	162	Bear_Paw	14	1	0.00000	-1.00000	-1.00000	0.00000	-1.00000	-1.00000	0.00000	0.00000	:14
222	un	162	Rabbit_Slough	12	1	0.00000	-1.00000	-1.00000	0.00000	-1.00000	-1.00000	0.00000	0.00000	:12
279	un	194	Bear_Paw	14	2	0.43956	-1.00000	-1.00000	0.43956	-1.00000	-1.00000	0.00000	0.00000	C:4;G:10
279	un	194	Rabbit_Slough	14	2	0.36264	-1.00000	-1.00000	0.36264	-1.00000	-1.00000	0.00000	0.00000	C:3;G:11
294	un	226	Bear_Paw	14	2	0.43956	-1.00000	-1.00000	0.43956	-1.00000	-1.00000	0.00000	0.00000	C:4;T:10
294	un	226	Rabbit_Slough	14	1	0.00000	-1.00000	-1.00000	0.00000	-1.00000	-1.00000	0.00000	0.00000	T:14
487	un	322	Bear_Paw	14	1	0.00000	-1.00000	-1.00000	0.00000	-1.00000	-1.00000	0.00000	0.00000	:14
487	un	322	Rabbit_Slough	14	1	0.00000	-1.00000	-1.00000	0.00000	-1.00000	-1.00000	0.00000	0.00000	:14
507	un	354	Bear_Paw	16	1	0.00000	-1.00000	-1.00000	0.00000	-1.00000	-1.00000	0.00000	0.00000	:16
507	un	354	Rabbit_Slough	16	1	0.00000	-1.00000	-1.00000	0.00000	-1.00000	-1.00000	0.00000	0.00000	:16
526	un	386	Bear_Paw	12	2	0.16667	-1.00000	-1.00000	0.16667	-1.00000	-1.00000	0.00000	0.00000	C:11;T:1
526	un	386	Rabbit_Slough	12	2	0.16667	-1.00000	-1.00000	0.16667	-1.00000	-1.00000	0.00000	0.00000	C:11;T:1
556	un	482	Bear_Paw	14	2	0.36264	-1.00000	-1.00000	0.36264	-1.00000	-1.00000	0.00000	0.00000	A:3;G:11
556	un	482	Rabbit_Slough	14	1	0.00000	-1.00000	-1.00000	0.00000	-1.00000	-1.00000	0.00000	0.00000	G:14
587	un	514	Bear_Paw	14	2	0.26374	-1.00000	-1.00000	0.26374	-1.00000	-1.00000	0.00000	0.00000	A:2;T:12
587	un	514	Rabbit_Slough	16	1	0.00000	-1.00000	-1.00000	0.00000	-1.00000	-1.00000	0.00000	0.00000	T:16
795	un	610	Bear_Paw	16	1	0.00000	-1.00000	-1.00000	0.00000	-1.00000	-1.00000	0.00000	0.00000	:16
795	un	610	Rabbit_Slough	14	1	0.00000	-1.00000	-1.00000	0.00000	-1.00000	-1.00000	0.00000	0.00000	:14
842	un	674	Bear_Paw	14	1	0.00000	-1.00000	-1.00000	0.00000	-1.00000	-1.00000	0.00000	0.00000	:14
842	un	674	Rabbit_Slough	14	1	0.00000	-1.00000	-1.00000	0.00000	-1.00000	-1.00000	0.00000	0.00000	:14
891	un	706	Bear_Paw	16	1	0.00000	-1.00000	-1.00000	0.00000	-1.00000	-1.00000	0.00000	0.00000	:16
891	un	706	Rabbit_Slough	16	1	0.00000	-1.00000	-1.00000	0.00000	-1.00000	-1.00000	0.00000	0.00000	:16
898	un	738	Bear_Paw	16	1	0.00000	-1.00000	-1.00000	0.00000	-1.00000	-1.00000	0.00000	0.00000	:16
898	un	738	Rabbit_Slough	12	1	0.00000	-1.00000	-1.00000	0.00000	-1.00000	-1.00000	0.00000	0.00000	:12
934	un	834	Bear_Paw	16	1	0.00000	-1.00000	-1.00000	0.00000	-1.00000	-1.00000	0.00000	0.00000	:16
934	un	834	Rabbit_Slough	12	1	0.00000	-1.00000	-1.00000	0.00000	-1.00000	-1.00000	0.00000	0.00000	:12
1074	un	1026	Bear_Paw	16	1	0.00000	-1.00000	-1.00000	0.00000	-1.00000	-1.00000	0.00000	0.00000	:16
1074	un	1026	Rabbit_Slough	16	1	0.00000	-1.00000	-1.00000	0.00000	-1.00000	-1.00000	0.00000	0.00000	:16
1116	un	1090	Bear_Paw	14	1	0.00000	-1.00000	-1.00000	0.00000	-1.00000	-1.00000	0.00000	0.00000	:14
1116	un	1090	Rabbit_Slough	12	1	0.00000	-1.00000	-1.00000	0.00000	-1.00000	-1.00000	0.00000	0.00000	:12
1174	un	1154	Bear_Paw	16	1	0.00000	-1.00000	-1.00000	0.00000	-1.00000	-1.00000	0.00000	0.00000	:16
1174	un	1154	Rabbit_Slough	16	1	0.00000	-1.00000	-1.00000	0.00000	-1.00000	-1.00000	0.00000	0.00000	:16
1228	un	1282	Bear_Paw	14	1	0.00000	-1.00000	-1.00000	0.00000	-1.00000	-1.00000	0.00000	0.00000	:14
1228	un	1282	Rabbit_Slough	12	1	0.00000	-1.00000	-1.00000	0.00000	-1.00000	-1.00000	0.00000	0.00000	:12
1251	un	1314	Bear_Paw	12	2	0.40909	-1.00000	-1.00000	0.40909	-1.00000	-1.00000	0.00000	0.00000	C:3;T:9
1251	un	1314	Rabbit_Slough	14	2	0.36264	-1.00000	-1.00000	0.36264	-1.00000	-1.00000	0.00000	0.00000	C:3;T:11
1271	un	1378	Bear_Paw	12	2	0.30303	-1.00000	-1.00000	0.30303	-1.00000	-1.00000	0.00000	0.00000	A:10;T:2
1271	un	1378	Rabbit_Slough	12	1	0.00000	-1.00000	-1.00000	0.00000	-1.00000	-1.00000	0.00000	0.00000	A:12
1340	un	1474	Bear_Paw	12	1	0.00000	-1.00000	-1.00000	0.00000	-1.00000	-1.00000	0.00000	0.00000	:12
1340	un	1474	Rabbit_Slough	14	1	0.00000	-1.00000	-1.00000	0.00000	-1.00000	-1.00000	0.00000	0.00000	:14
1351	un	1506	Bear_Paw	12	1	0.00000	-1.00000	-1.00000	0.00000	-1.00000	-1.00000	0.00000	0.00000	:12
1351	un	1506	Rabbit_Slough	12	1	0.00000	-1.00000	-1.00000	0.00000	-1.00000	-1.00000	0.00000	0.00000	:12
1353	un	1538	Bear_Paw	16	2	0.40000	-1.00000	-1.00000	0.40000	-1.00000	-1.00000	0.00000	0.00000	C:12;T:4
1353	un	1538	Rabbit_Slough	16	2	0.50000	-1.00000	-1.00000	0.50000	-1.00000	-1.00000	0.00000	0.00000	C:10;T:6
1381	un	1602	Bear_Paw	14	2	0.26374	-1.00000	-1.00000	0.26374	-1.00000	-1.00000	0.00000	0.00000	A:2;C:12
1381	un	1602	Rabbit_Slough	14	1	0.00000	-1.00000	-1.00000	0.00000	-1.00000	-1.00000	0.00000	0.00000	C:14
1391	un	1634	Bear_Paw	12	1	0.00000	-1.00000	-1.00000	0.00000	-1.00000	-1.00000	0.00000	0.00000	:12
1391	un	1634	Rabbit_Slough	16	1	0.00000	-1.00000	-1.00000	0.00000	-1.00000	-1.00000	0.00000	0.00000	:16
1463	un	1730	Bear_Paw	16	1	0.00000	-1.00000	-1.00000	0.00000	-1.00000	-1.00000	0.00000	0.00000	:16
1463	un	1730	Rabbit_Slough	14	1	0.00000	-1.00000	-1.00000	0.00000	-1.00000	-1.00000	0.00000	0.00000	:14
1477	un	1762	Bear_Paw	16	1	0.00000	-1.00000	-1.00000	0.00000	-1.00000	-1.00000	0.00000	0.00000	:16
1477	un	1762	Rabbit_Slough	16	1	0.00000	-1.00000	-1.00000	0.00000	-1.00000	-1.00000	0.00000	0.00000	:16
1483	un	1794	Bear_Paw	12	1	0.00000	-1.00000	-1.00000	0.00000	-1.00000	-1.00000	0.00000	0.00000	:12
1483	un	1794	Rabbit_Slough	12	1	0.00000	-1.00000	-1.00000	0.00000	-1.00000	-1.00000	0.00000	0.00000	:12
1672	un	1986	Bear_Paw	12	1	0.00000	-1.00000	-1.00000	0.00000	-1.00000	-1.00000	0.00000	0.00000	G:12
1672	un	1986	Rabbit_Slough	12	2	0.53030	-1.00000	-1.00000	0.53030	-1.00000	-1.00000	0.00000	0.00000	A:5;G:7
1740	un	2082	Bear_Paw	14	2	0.52747	-1.00000	-1.00000	0.52747	-1.00000	-1.00000	0.00000	0.00000	C:6;T:8
1740	un	2082	Rabbit_Slough	14	2	0.49451	-1.00000	-1.00000	0.49451	-1.00000	-1.00000	0.00000	0.00000	C:5;T:9
1866	un	2211	Bear_Paw	14	2	0.26374	-1.00000	-1.00000	0.26374	-1.00000	-1.00000	0.00000	0.00000	C:12;T:2
1866	un	2211	Rabbit_Slough	12	1	0.00000	-1.00000	-1.00000	0.00000	-1.00000	-1.00000	0.00000	0.00000	C:12
1875	un	2243	Bear_Paw	16	1	0.00000	-1.00000	-1.00000	0.00000	-1.00000	-1.00000	0.00000	0.00000	:16
1875	un	2243	Rabbit_Slough	16	1	0.00000	-1.00000	-1.00000	0.00000	-1.00000	-1.00000	0.00000	0.00000	:16
1986	un	2275	Bear_Paw	12	1	0.00000	-1.00000	-1.00000	0.00000	-1.00000	-1.00000	0.00000	0.00000	:12
1986	un	2275	Rabbit_Slough	14	1	0.00000	-1.00000	-1.00000	0.00000	-1.00000	-1.00000	0.00000	0.00000	:14
2027	un	2307	Bear_Paw	16	2	0.45833	-1.00000	-1.00000	0.45833	-1.00000	-1.00000	0.00000	0.00000	A:5;C:11
2027	un	2307	Rabbit_Slough	16	1	0.00000	-1.00000	-1.00000	0.00000	-1.00000	-1.00000	0.00000	0.00000	C:16
2353	un	2504	Bear_Paw	14	1	0.00000	-1.00000	-1.00000	0.00000	-1.00000	-1.00000	0.00000	0.00000	:14
2353	un	2504	Rabbit_Slough	12	1	0.00000	-1.00000	-1.00000	0.00000	-1.00000	-1.00000	0.00000	0.00000	:12
2617	un	2664	Bear_Paw	16	1	0.00000	-1.00000	-1.00000	0.00000	-1.00000	-1.00000	0.00000	0.00000	:16
2617	un	2664	Rabbit_Slough	12	1	0.00000	-1.00000	-1.00000	0.00000	-1.00000	-1.00000	0.00000	0.00000	:12
3167	un	2953	Bear_Paw	12	2	0.53030	-1.00000	-1.00000	0.53030	-1.00000	-1.00000	0.00000	0.00000	A:5;T:7
3167	un	2953	Rabbit_Slough	16	1	0.00000	-1.00000	-1.00000	0.00000	-1.00000	-1.00000	0.00000	0.00000	A:16
3382	un	3209	Bear_Paw	14	1	0.00000	-1.00000	-1.00000	0.00000	-1.00000	-1.00000	0.00000	0.00000	:14
3382	un	3209	Rabbit_Slough	14	1	0.00000	-1.00000	-1.00000	0.00000	-1.00000	-1.00000	0.00000	0.00000	:14
3886	un	3273	Bear_Paw	14	2	0.43956	-1.00000	-1.00000	0.43956	-1.00000	-1.00000	0.00000	0.00000	C:4;T:10
3886	un	3273	Rabbit_Slough	12	2	0.54545	-1.00000	-1.00000	0.54545	-1.00000	-1.00000	0.00000	0.00000	C:6;T:6
4170	un	3337	Bear_Paw	14	1	0.00000	-1.00000	-1.00000	0.00000	-1.00000	-1.00000	0.00000	0.00000	C:14
4170	un	3337	Rabbit_Slough	12	2	0.30303	-1.00000	-1.00000	0.30303	-1.00000	-1.00000	0.00000	0.00000	A:2;C:10
4423	un	3369	Bear_Paw	12	1	0.00000	-1.00000	-1.00000	0.00000	-1.00000	-1.00000	0.00000	0.00000	:12
4423	un	3369	Rabbit_Slough	12	1	0.00000	-1.00000	-1.00000	0.00000	-1.00000	-1.00000	0.00000	0.00000	:12
5701	un	3433	Bear_Paw	12	2	0.40909	-1.00000	-1.00000	0.40909	-1.00000	-1.00000	0.00000	0.00000	G:9;T:3
5701	un	3433	Rabbit_Slough	14	2	0.49451	-1.00000	-1.00000	0.49451	-1.00000	-1.00000	0.00000	0.00000	G:9;T:5
5708	un	3465	Bear_Paw	12	1	0.00000	-1.00000	-1.00000	0.00000	-1.00000	-1.00000	0.00000	0.00000	:12
5708	un	3465	Rabbit_Slough	12	1	0.00000	-1.00000	-1.00000	0.00000	-1.00000	-1.00000	0.00000	0.00000	:12
5797	un	3529	Bear_Paw	12	1	0.00000	-1.00000	-1.00000	0.00000	-1.00000	-1.00000	0.00000	0.00000	:12
5797	un	3529	Rabbit_Slough	16	1	0.00000	-1.00000	-1.00000	0.00000	-1.00000	-1.00000	0.00000	0.00000	:16
5831	un	3561	Bear_Paw	14	1	0.00000	-1.00000	-1.00000	0.00000	-1.00000	-1.00000	0.00000	0.00000	:14
5831	un	3561	Rabbit_Slough	16	1	0.00000	-1.00000	-1.00000	0.00000	-1.00000	-1.00000	0.00000	0.00000	:16
8001	un	3657	Bear_Paw	12	2	0.48485	-1.00000	-1.00000	0.48485	-1.00000	-1.00000	0.00000	0.00000	A:4;C:8
8001	un	3657	Rabbit_Slough	12	2	0.40909	-1.00000	-1.00000	0.40909	-1.00000	-1.00000	0.00000	0.00000	A:3;C:9
