# ustacks version 2.68; generated on 2026-06-26 14:29:35
1	C	72.50	29
1	G	27.50	11
3	G	14.71	5
3	T	26.47	9
4	C	56.32	49
4	T	39.08	34
5	A	74.29	26
5	C	25.71	9
6	A	42.86	9
6	C	57.14	12
9	C	21.62	16
9	T	78.38	58
11	C	43.14	22
11	G	54.90	28
12	A	39.13	9
12	T	60.87	14
13	CA	25.64	10
13	CG	30.77	12
13	GA	2.56	1
13	GG	33.33	13
19	G	60.28	255
19	T	38.77	164
116	AAG	18.97	11
116	AGT	8.62	5
116	GAG	13.79	8
116	GAT	6.90	4
116	GGG	31.03	18
116	GGT	10.34	6
180	AA	50.00	8
180	AG	25.00	4
180	CA	25.00	4
213	A	40.00	2
213	C	60.00	3
250	A	72.73	8
250	T	27.27	3
309	C	60.00	3
309	T	40.00	2
341	A	27.54	19
341	T	68.12	47
437	CC	36.36	4
437	GC	18.18	2
437	GT	36.36	4
549	G	50.00	3
549	T	50.00	3
605	AG	37.50	3
605	CA	37.50	3
605	CG	25.00	2
643	GA	8.33	1
643	GT	50.00	6
643	TA	33.33	4
643	TT	8.33	1
679	AA	8.33	1
679	AC	33.33	4
679	CA	58.33	7
722	A	40.00	2
722	T	60.00	3
768	A	66.67	6
768	G	33.33	3
821	AC	60.00	3
821	TA	40.00	2
835	A	57.89	11
835	C	36.84	7
894	C	66.67	10
894	T	33.33	5
1014	GAA	37.50	3
1014	TGC	62.50	5
1036	CAC	2.33	1
1036	CAT	65.12	28
1036	TGC	27.91	12
1037	A	70.00	7
1037	G	30.00	3
1118	G	40.00	2
1118	T	60.00	3
1124	AG	30.43	7
1124	CC	60.87	14
1124	CG	8.70	2
1150	C	35.71	5
1150	G	50.00	7
1157	C	70.97	22
1157	T	29.03	9
1163	G	64.52	20
1163	T	35.48	11
1207	C	60.00	3
1207	T	40.00	2
1239	C	70.00	7
1239	T	30.00	3
1245	CG	57.14	4
1245	TA	42.86	3
1284	A	60.00	3
1284	C	40.00	2
1341	AC	25.00	4
1341	AT	43.75	7
1341	GC	31.25	5
1342	AA	37.50	6
1342	AT	25.00	4
1342	GT	37.50	6
1345	C	60.00	9
1345	G	40.00	6
1452	A	60.00	3
1452	C	40.00	2
1465	C	60.00	3
1465	G	40.00	2
1505	CA	43.75	7
1505	CG	18.75	3
1505	TA	6.25	1
1505	TG	31.25	5
1506	A	30.00	3
1506	T	70.00	7
1566	A	60.00	3
1566	G	40.00	2
1575	A	50.00	5
1575	G	50.00	5
1580	G	72.73	8
1580	T	27.27	3
1618	A	48.28	14
1618	G	51.72	15
1658	C	40.00	2
1658	T	60.00	3
1697	C	40.00	2
1697	T	60.00	3
1729	CG	44.44	4
1729	CT	22.22	2
1729	GG	22.22	2
1729	GT	11.11	1
1808	A	50.00	4
1808	G	50.00	4
1812	A	66.67	8
1812	C	33.33	4
1833	A	66.67	6
1833	G	33.33	3
1876	C	69.23	9
1876	T	30.77	4
1896	G	50.00	4
1896	T	50.00	4
1935	CC	27.27	3
1935	CT	45.45	5
1935	TT	27.27	3
1989	C	57.14	4
1989	T	42.86	3
2121	G	35.29	6
2121	T	64.71	11
2206	C	37.50	3
2206	G	62.50	5
2479	C	50.00	4
2479	G	50.00	4
2535	C	45.45	5
2535	T	45.45	5
2538	AAT	33.33	3
2538	TGC	33.33	3
2538	TGT	33.33	3
2761	G	33.33	4
2761	T	66.67	8
2766	C	40.00	2
2766	T	60.00	3
2790	A	60.00	3
2790	C	40.00	2
2897	A	36.36	8
2897	G	59.09	13
2903	A	44.44	4
2903	G	44.44	4
2935	AAGA	40.00	2
2935	GGAG	60.00	3
# ustacks completed on 2026-06-26 14:29:35
